id,seccion_origen,pagina_numero,pagina_origen,titulo,url
1,manuales,1,https://ceeielche.emprenemjunts.es/?op=8&n=1214,CEEI Elche MENÚ,https://ceeielche.emprenemjunts.es/?op=8&n=1214
2,manuales,1,https://ceeielche.emprenemjunts.es/?op=8&n=1214,Qué es el CEEI,https://ceeielche.emprenemjunts.es/?op=130&id=249
3,manuales,1,https://ceeielche.emprenemjunts.es/?op=8&n=1214,Qué ofrecemos,https://ceeielche.emprenemjunts.es/?op=130&id=250
4,manuales,1,https://ceeielche.emprenemjunts.es/?op=8&n=1214,A quién nos dirigimos,https://ceeielche.emprenemjunts.es/?op=130&id=251
5,manuales,1,https://ceeielche.emprenemjunts.es/?op=8&n=1214,Ley de Transparencia,https://ceeielche.emprenemjunts.es/?op=130&id=254
6,manuales,1,https://ceeielche.emprenemjunts.es/?op=8&n=1214,Contacta con nosotros,https://ceeielche.emprenemjunts.es/?op=130&id=253
7,manuales,1,https://ceeielche.emprenemjunts.es/?op=8&n=1214,jtormo,https://ceeielche.emprenemjunts.es/?op=52&id=115
8,manuales,1,https://ceeielche.emprenemjunts.es/?op=8&n=1214,joaquin,https://ceeielche.emprenemjunts.es/?op=52&id=34
9,manuales,1,https://ceeielche.emprenemjunts.es/?op=8&n=1214,Elche impulsa el emprendimiento juvenil con el evento final...,https://ceeielche.emprenemjunts.es/?op=8&n=36227
10,manuales,1,https://ceeielche.emprenemjunts.es/?op=8&n=1214,Terciario Avanzado en la jornada dedicada a la Economía...,https://ceeielche.emprenemjunts.es/?op=8&n=36206
11,manuales,1,https://ceeielche.emprenemjunts.es/?op=8&n=1214,Jovempa Talks Marina Alta con DASS,https://ceeielche.emprenemjunts.es/?op=8&n=36201
12,manuales,1,https://ceeielche.emprenemjunts.es/?op=8&n=1214,"Benidorm culmina el relanzamiento de su Espai Coworking, al...",https://ceeielche.emprenemjunts.es/?op=8&n=36199
13,manuales,1,https://ceeielche.emprenemjunts.es/?op=8&n=1214,GAL ASIR participa en un nuevo encuentro del proyecto...,https://ceeielche.emprenemjunts.es/?op=8&n=36105
14,manuales,1,https://ceeielche.emprenemjunts.es/?op=8&n=1214,Planes de actuaciones IVACE-CEEI Elche,https://ceeielche.emprenemjunts.es/?op=130&id=567
15,manuales,1,https://ceeielche.emprenemjunts.es/?op=8&n=1214,Español,https://ceeielche.emprenemjunts.es/?op=8&n=1214&lang=1
16,manuales,1,https://ceeielche.emprenemjunts.es/?op=8&n=1214,Valencià,https://ceeielche.emprenemjunts.es/?op=8&n=1214&lang=2
17,manuales,1,https://ceeielche.emprenemjunts.es/?op=8&n=1214,English,https://ceeielche.emprenemjunts.es/?op=8&n=1214&lang=3
18,guias,1,https://ceeielche.emprenemjunts.es/?op=8&n=1215,CEEI Elche MENÚ,https://ceeielche.emprenemjunts.es/?op=8&n=1215
19,guias,1,https://ceeielche.emprenemjunts.es/?op=8&n=1215,Qué es el CEEI,https://ceeielche.emprenemjunts.es/?op=130&id=249
20,guias,1,https://ceeielche.emprenemjunts.es/?op=8&n=1215,Qué ofrecemos,https://ceeielche.emprenemjunts.es/?op=130&id=250
21,guias,1,https://ceeielche.emprenemjunts.es/?op=8&n=1215,A quién nos dirigimos,https://ceeielche.emprenemjunts.es/?op=130&id=251
22,guias,1,https://ceeielche.emprenemjunts.es/?op=8&n=1215,Ley de Transparencia,https://ceeielche.emprenemjunts.es/?op=130&id=254
23,guias,1,https://ceeielche.emprenemjunts.es/?op=8&n=1215,Contacta con nosotros,https://ceeielche.emprenemjunts.es/?op=130&id=253
24,guias,1,https://ceeielche.emprenemjunts.es/?op=8&n=1215,jtormo,https://ceeielche.emprenemjunts.es/?op=52&id=115
25,guias,1,https://ceeielche.emprenemjunts.es/?op=8&n=1215,admonEJS,https://ceeielche.emprenemjunts.es/?op=52&id=5185
26,guias,1,https://ceeielche.emprenemjunts.es/?op=8&n=1215,Elche impulsa el emprendimiento juvenil con el evento final...,https://ceeielche.emprenemjunts.es/?op=8&n=36227
27,guias,1,https://ceeielche.emprenemjunts.es/?op=8&n=1215,Terciario Avanzado en la jornada dedicada a la Economía...,https://ceeielche.emprenemjunts.es/?op=8&n=36206
28,guias,1,https://ceeielche.emprenemjunts.es/?op=8&n=1215,Jovempa Talks Marina Alta con DASS,https://ceeielche.emprenemjunts.es/?op=8&n=36201
29,guias,1,https://ceeielche.emprenemjunts.es/?op=8&n=1215,"Benidorm culmina el relanzamiento de su Espai Coworking, al...",https://ceeielche.emprenemjunts.es/?op=8&n=36199
30,guias,1,https://ceeielche.emprenemjunts.es/?op=8&n=1215,GAL ASIR participa en un nuevo encuentro del proyecto...,https://ceeielche.emprenemjunts.es/?op=8&n=36105
31,guias,1,https://ceeielche.emprenemjunts.es/?op=8&n=1215,Planes de actuaciones IVACE-CEEI Elche,https://ceeielche.emprenemjunts.es/?op=130&id=567
32,guias,1,https://ceeielche.emprenemjunts.es/?op=8&n=1215,Español,https://ceeielche.emprenemjunts.es/?op=8&n=1215&lang=1
33,guias,1,https://ceeielche.emprenemjunts.es/?op=8&n=1215,Valencià,https://ceeielche.emprenemjunts.es/?op=8&n=1215&lang=2
34,guias,1,https://ceeielche.emprenemjunts.es/?op=8&n=1215,English,https://ceeielche.emprenemjunts.es/?op=8&n=1215&lang=3
35,fichas,1,https://ceeielche.emprenemjunts.es/?op=8&n=1216,CEEI Elche MENÚ,https://ceeielche.emprenemjunts.es/?op=8&n=1216
36,fichas,1,https://ceeielche.emprenemjunts.es/?op=8&n=1216,Qué es el CEEI,https://ceeielche.emprenemjunts.es/?op=130&id=249
37,fichas,1,https://ceeielche.emprenemjunts.es/?op=8&n=1216,Qué ofrecemos,https://ceeielche.emprenemjunts.es/?op=130&id=250
38,fichas,1,https://ceeielche.emprenemjunts.es/?op=8&n=1216,A quién nos dirigimos,https://ceeielche.emprenemjunts.es/?op=130&id=251
39,fichas,1,https://ceeielche.emprenemjunts.es/?op=8&n=1216,Ley de Transparencia,https://ceeielche.emprenemjunts.es/?op=130&id=254
40,fichas,1,https://ceeielche.emprenemjunts.es/?op=8&n=1216,Contacta con nosotros,https://ceeielche.emprenemjunts.es/?op=130&id=253
41,fichas,1,https://ceeielche.emprenemjunts.es/?op=8&n=1216,jtormo,https://ceeielche.emprenemjunts.es/?op=52&id=115
42,fichas,1,https://ceeielche.emprenemjunts.es/?op=8&n=1216,joaquin,https://ceeielche.emprenemjunts.es/?op=52&id=34
43,fichas,1,https://ceeielche.emprenemjunts.es/?op=8&n=1216,Elche impulsa el emprendimiento juvenil con el evento final...,https://ceeielche.emprenemjunts.es/?op=8&n=36227
44,fichas,1,https://ceeielche.emprenemjunts.es/?op=8&n=1216,Terciario Avanzado en la jornada dedicada a la Economía...,https://ceeielche.emprenemjunts.es/?op=8&n=36206
45,fichas,1,https://ceeielche.emprenemjunts.es/?op=8&n=1216,Jovempa Talks Marina Alta con DASS,https://ceeielche.emprenemjunts.es/?op=8&n=36201
46,fichas,1,https://ceeielche.emprenemjunts.es/?op=8&n=1216,"Benidorm culmina el relanzamiento de su Espai Coworking, al...",https://ceeielche.emprenemjunts.es/?op=8&n=36199
47,fichas,1,https://ceeielche.emprenemjunts.es/?op=8&n=1216,GAL ASIR participa en un nuevo encuentro del proyecto...,https://ceeielche.emprenemjunts.es/?op=8&n=36105
48,fichas,1,https://ceeielche.emprenemjunts.es/?op=8&n=1216,Planes de actuaciones IVACE-CEEI Elche,https://ceeielche.emprenemjunts.es/?op=130&id=567
49,fichas,1,https://ceeielche.emprenemjunts.es/?op=8&n=1216,Español,https://ceeielche.emprenemjunts.es/?op=8&n=1216&lang=1
50,fichas,1,https://ceeielche.emprenemjunts.es/?op=8&n=1216,Valencià,https://ceeielche.emprenemjunts.es/?op=8&n=1216&lang=2
51,fichas,1,https://ceeielche.emprenemjunts.es/?op=8&n=1216,English,https://ceeielche.emprenemjunts.es/?op=8&n=1216&lang=3
52,infografias,1,https://ceeielche.emprenemjunts.es/?op=8&n=1217,CEEI Elche MENÚ,https://ceeielche.emprenemjunts.es/?op=8&n=1217
53,infografias,1,https://ceeielche.emprenemjunts.es/?op=8&n=1217,Qué es el CEEI,https://ceeielche.emprenemjunts.es/?op=130&id=249
54,infografias,1,https://ceeielche.emprenemjunts.es/?op=8&n=1217,Qué ofrecemos,https://ceeielche.emprenemjunts.es/?op=130&id=250
55,infografias,1,https://ceeielche.emprenemjunts.es/?op=8&n=1217,A quién nos dirigimos,https://ceeielche.emprenemjunts.es/?op=130&id=251
56,infografias,1,https://ceeielche.emprenemjunts.es/?op=8&n=1217,Ley de Transparencia,https://ceeielche.emprenemjunts.es/?op=130&id=254
57,infografias,1,https://ceeielche.emprenemjunts.es/?op=8&n=1217,Contacta con nosotros,https://ceeielche.emprenemjunts.es/?op=130&id=253
58,infografias,1,https://ceeielche.emprenemjunts.es/?op=8&n=1217,Elche impulsa el emprendimiento juvenil con el evento final...,https://ceeielche.emprenemjunts.es/?op=8&n=36227
59,infografias,1,https://ceeielche.emprenemjunts.es/?op=8&n=1217,Terciario Avanzado en la jornada dedicada a la Economía...,https://ceeielche.emprenemjunts.es/?op=8&n=36206
60,infografias,1,https://ceeielche.emprenemjunts.es/?op=8&n=1217,Jovempa Talks Marina Alta con DASS,https://ceeielche.emprenemjunts.es/?op=8&n=36201
61,infografias,1,https://ceeielche.emprenemjunts.es/?op=8&n=1217,"Benidorm culmina el relanzamiento de su Espai Coworking, al...",https://ceeielche.emprenemjunts.es/?op=8&n=36199
62,infografias,1,https://ceeielche.emprenemjunts.es/?op=8&n=1217,GAL ASIR participa en un nuevo encuentro del proyecto...,https://ceeielche.emprenemjunts.es/?op=8&n=36105
63,infografias,1,https://ceeielche.emprenemjunts.es/?op=8&n=1217,Planes de actuaciones IVACE-CEEI Elche,https://ceeielche.emprenemjunts.es/?op=130&id=567
64,infografias,1,https://ceeielche.emprenemjunts.es/?op=8&n=1217,Español,https://ceeielche.emprenemjunts.es/?op=8&n=1217&lang=1
65,infografias,1,https://ceeielche.emprenemjunts.es/?op=8&n=1217,Valencià,https://ceeielche.emprenemjunts.es/?op=8&n=1217&lang=2
66,infografias,1,https://ceeielche.emprenemjunts.es/?op=8&n=1217,English,https://ceeielche.emprenemjunts.es/?op=8&n=1217&lang=3
67,informes,1,https://ceeielche.emprenemjunts.es/?op=8&n=1218,CEEI Elche MENÚ,https://ceeielche.emprenemjunts.es/?op=8&n=1218
68,informes,1,https://ceeielche.emprenemjunts.es/?op=8&n=1218,Qué es el CEEI,https://ceeielche.emprenemjunts.es/?op=130&id=249
69,informes,1,https://ceeielche.emprenemjunts.es/?op=8&n=1218,Qué ofrecemos,https://ceeielche.emprenemjunts.es/?op=130&id=250
70,informes,1,https://ceeielche.emprenemjunts.es/?op=8&n=1218,A quién nos dirigimos,https://ceeielche.emprenemjunts.es/?op=130&id=251
71,informes,1,https://ceeielche.emprenemjunts.es/?op=8&n=1218,Ley de Transparencia,https://ceeielche.emprenemjunts.es/?op=130&id=254
72,informes,1,https://ceeielche.emprenemjunts.es/?op=8&n=1218,Contacta con nosotros,https://ceeielche.emprenemjunts.es/?op=130&id=253
73,informes,1,https://ceeielche.emprenemjunts.es/?op=8&n=1218,paloma,https://ceeielche.emprenemjunts.es/?op=52&id=37
74,informes,1,https://ceeielche.emprenemjunts.es/?op=8&n=1218,Elche impulsa el emprendimiento juvenil con el evento final...,https://ceeielche.emprenemjunts.es/?op=8&n=36227
75,informes,1,https://ceeielche.emprenemjunts.es/?op=8&n=1218,Terciario Avanzado en la jornada dedicada a la Economía...,https://ceeielche.emprenemjunts.es/?op=8&n=36206
76,informes,1,https://ceeielche.emprenemjunts.es/?op=8&n=1218,Jovempa Talks Marina Alta con DASS,https://ceeielche.emprenemjunts.es/?op=8&n=36201
77,informes,1,https://ceeielche.emprenemjunts.es/?op=8&n=1218,"Benidorm culmina el relanzamiento de su Espai Coworking, al...",https://ceeielche.emprenemjunts.es/?op=8&n=36199
78,informes,1,https://ceeielche.emprenemjunts.es/?op=8&n=1218,GAL ASIR participa en un nuevo encuentro del proyecto...,https://ceeielche.emprenemjunts.es/?op=8&n=36105
79,informes,1,https://ceeielche.emprenemjunts.es/?op=8&n=1218,Planes de actuaciones IVACE-CEEI Elche,https://ceeielche.emprenemjunts.es/?op=130&id=567
80,informes,1,https://ceeielche.emprenemjunts.es/?op=8&n=1218,Español,https://ceeielche.emprenemjunts.es/?op=8&n=1218&lang=1
81,informes,1,https://ceeielche.emprenemjunts.es/?op=8&n=1218,Valencià,https://ceeielche.emprenemjunts.es/?op=8&n=1218&lang=2
82,informes,1,https://ceeielche.emprenemjunts.es/?op=8&n=1218,English,https://ceeielche.emprenemjunts.es/?op=8&n=1218&lang=3
83,videocapsulas,1,https://ceeielche.emprenemjunts.es/?op=8&n=1219,CEEI Elche MENÚ,https://ceeielche.emprenemjunts.es/?op=8&n=1219
84,videocapsulas,1,https://ceeielche.emprenemjunts.es/?op=8&n=1219,Qué es el CEEI,https://ceeielche.emprenemjunts.es/?op=130&id=249
85,videocapsulas,1,https://ceeielche.emprenemjunts.es/?op=8&n=1219,Qué ofrecemos,https://ceeielche.emprenemjunts.es/?op=130&id=250
86,videocapsulas,1,https://ceeielche.emprenemjunts.es/?op=8&n=1219,A quién nos dirigimos,https://ceeielche.emprenemjunts.es/?op=130&id=251
87,videocapsulas,1,https://ceeielche.emprenemjunts.es/?op=8&n=1219,Ley de Transparencia,https://ceeielche.emprenemjunts.es/?op=130&id=254
88,videocapsulas,1,https://ceeielche.emprenemjunts.es/?op=8&n=1219,Contacta con nosotros,https://ceeielche.emprenemjunts.es/?op=130&id=253
89,videocapsulas,1,https://ceeielche.emprenemjunts.es/?op=8&n=1219,anarubio,https://ceeielche.emprenemjunts.es/?op=52&id=89
90,videocapsulas,1,https://ceeielche.emprenemjunts.es/?op=8&n=1219,Elche impulsa el emprendimiento juvenil con el evento final...,https://ceeielche.emprenemjunts.es/?op=8&n=36227
91,videocapsulas,1,https://ceeielche.emprenemjunts.es/?op=8&n=1219,Terciario Avanzado en la jornada dedicada a la Economía...,https://ceeielche.emprenemjunts.es/?op=8&n=36206
92,videocapsulas,1,https://ceeielche.emprenemjunts.es/?op=8&n=1219,Jovempa Talks Marina Alta con DASS,https://ceeielche.emprenemjunts.es/?op=8&n=36201
93,videocapsulas,1,https://ceeielche.emprenemjunts.es/?op=8&n=1219,"Benidorm culmina el relanzamiento de su Espai Coworking, al...",https://ceeielche.emprenemjunts.es/?op=8&n=36199
94,videocapsulas,1,https://ceeielche.emprenemjunts.es/?op=8&n=1219,GAL ASIR participa en un nuevo encuentro del proyecto...,https://ceeielche.emprenemjunts.es/?op=8&n=36105
95,videocapsulas,1,https://ceeielche.emprenemjunts.es/?op=8&n=1219,Planes de actuaciones IVACE-CEEI Elche,https://ceeielche.emprenemjunts.es/?op=130&id=567
96,videocapsulas,1,https://ceeielche.emprenemjunts.es/?op=8&n=1219,Español,https://ceeielche.emprenemjunts.es/?op=8&n=1219&lang=1
97,videocapsulas,1,https://ceeielche.emprenemjunts.es/?op=8&n=1219,Valencià,https://ceeielche.emprenemjunts.es/?op=8&n=1219&lang=2
98,videocapsulas,1,https://ceeielche.emprenemjunts.es/?op=8&n=1219,English,https://ceeielche.emprenemjunts.es/?op=8&n=1219&lang=3
99,modelos_de_negocio,1,https://ceeielche.emprenemjunts.es/?op=8&n=1220,CEEI Elche MENÚ,https://ceeielche.emprenemjunts.es/?op=8&n=1220
100,modelos_de_negocio,1,https://ceeielche.emprenemjunts.es/?op=8&n=1220,Qué es el CEEI,https://ceeielche.emprenemjunts.es/?op=130&id=249
101,modelos_de_negocio,1,https://ceeielche.emprenemjunts.es/?op=8&n=1220,Qué ofrecemos,https://ceeielche.emprenemjunts.es/?op=130&id=250
102,modelos_de_negocio,1,https://ceeielche.emprenemjunts.es/?op=8&n=1220,A quién nos dirigimos,https://ceeielche.emprenemjunts.es/?op=130&id=251
103,modelos_de_negocio,1,https://ceeielche.emprenemjunts.es/?op=8&n=1220,Ley de Transparencia,https://ceeielche.emprenemjunts.es/?op=130&id=254
104,modelos_de_negocio,1,https://ceeielche.emprenemjunts.es/?op=8&n=1220,Contacta con nosotros,https://ceeielche.emprenemjunts.es/?op=130&id=253
105,modelos_de_negocio,1,https://ceeielche.emprenemjunts.es/?op=8&n=1220,paloma,https://ceeielche.emprenemjunts.es/?op=52&id=37
106,modelos_de_negocio,1,https://ceeielche.emprenemjunts.es/?op=8&n=1220,Elche impulsa el emprendimiento juvenil con el evento final...,https://ceeielche.emprenemjunts.es/?op=8&n=36227
107,modelos_de_negocio,1,https://ceeielche.emprenemjunts.es/?op=8&n=1220,Terciario Avanzado en la jornada dedicada a la Economía...,https://ceeielche.emprenemjunts.es/?op=8&n=36206
108,modelos_de_negocio,1,https://ceeielche.emprenemjunts.es/?op=8&n=1220,Jovempa Talks Marina Alta con DASS,https://ceeielche.emprenemjunts.es/?op=8&n=36201
109,modelos_de_negocio,1,https://ceeielche.emprenemjunts.es/?op=8&n=1220,"Benidorm culmina el relanzamiento de su Espai Coworking, al...",https://ceeielche.emprenemjunts.es/?op=8&n=36199
110,modelos_de_negocio,1,https://ceeielche.emprenemjunts.es/?op=8&n=1220,GAL ASIR participa en un nuevo encuentro del proyecto...,https://ceeielche.emprenemjunts.es/?op=8&n=36105
111,modelos_de_negocio,1,https://ceeielche.emprenemjunts.es/?op=8&n=1220,Planes de actuaciones IVACE-CEEI Elche,https://ceeielche.emprenemjunts.es/?op=130&id=567
112,modelos_de_negocio,1,https://ceeielche.emprenemjunts.es/?op=8&n=1220,Español,https://ceeielche.emprenemjunts.es/?op=8&n=1220&lang=1
113,modelos_de_negocio,1,https://ceeielche.emprenemjunts.es/?op=8&n=1220,Valencià,https://ceeielche.emprenemjunts.es/?op=8&n=1220&lang=2
114,modelos_de_negocio,1,https://ceeielche.emprenemjunts.es/?op=8&n=1220,English,https://ceeielche.emprenemjunts.es/?op=8&n=1220&lang=3
115,cuadernos_de_trabajo,1,https://ceeielche.emprenemjunts.es/?op=8&n=1221,CEEI Elche MENÚ,https://ceeielche.emprenemjunts.es/?op=8&n=1221
116,cuadernos_de_trabajo,1,https://ceeielche.emprenemjunts.es/?op=8&n=1221,Qué es el CEEI,https://ceeielche.emprenemjunts.es/?op=130&id=249
117,cuadernos_de_trabajo,1,https://ceeielche.emprenemjunts.es/?op=8&n=1221,Qué ofrecemos,https://ceeielche.emprenemjunts.es/?op=130&id=250
118,cuadernos_de_trabajo,1,https://ceeielche.emprenemjunts.es/?op=8&n=1221,A quién nos dirigimos,https://ceeielche.emprenemjunts.es/?op=130&id=251
119,cuadernos_de_trabajo,1,https://ceeielche.emprenemjunts.es/?op=8&n=1221,Ley de Transparencia,https://ceeielche.emprenemjunts.es/?op=130&id=254
120,cuadernos_de_trabajo,1,https://ceeielche.emprenemjunts.es/?op=8&n=1221,Contacta con nosotros,https://ceeielche.emprenemjunts.es/?op=130&id=253
121,cuadernos_de_trabajo,1,https://ceeielche.emprenemjunts.es/?op=8&n=1221,paloma,https://ceeielche.emprenemjunts.es/?op=52&id=37
122,cuadernos_de_trabajo,1,https://ceeielche.emprenemjunts.es/?op=8&n=1221,SalvadorGG,https://ceeielche.emprenemjunts.es/?op=52&id=277
123,cuadernos_de_trabajo,1,https://ceeielche.emprenemjunts.es/?op=8&n=1221,Elche impulsa el emprendimiento juvenil con el evento final...,https://ceeielche.emprenemjunts.es/?op=8&n=36227
124,cuadernos_de_trabajo,1,https://ceeielche.emprenemjunts.es/?op=8&n=1221,Terciario Avanzado en la jornada dedicada a la Economía...,https://ceeielche.emprenemjunts.es/?op=8&n=36206
125,cuadernos_de_trabajo,1,https://ceeielche.emprenemjunts.es/?op=8&n=1221,Jovempa Talks Marina Alta con DASS,https://ceeielche.emprenemjunts.es/?op=8&n=36201
126,cuadernos_de_trabajo,1,https://ceeielche.emprenemjunts.es/?op=8&n=1221,"Benidorm culmina el relanzamiento de su Espai Coworking, al...",https://ceeielche.emprenemjunts.es/?op=8&n=36199
127,cuadernos_de_trabajo,1,https://ceeielche.emprenemjunts.es/?op=8&n=1221,GAL ASIR participa en un nuevo encuentro del proyecto...,https://ceeielche.emprenemjunts.es/?op=8&n=36105
128,cuadernos_de_trabajo,1,https://ceeielche.emprenemjunts.es/?op=8&n=1221,Planes de actuaciones IVACE-CEEI Elche,https://ceeielche.emprenemjunts.es/?op=130&id=567
129,cuadernos_de_trabajo,1,https://ceeielche.emprenemjunts.es/?op=8&n=1221,Español,https://ceeielche.emprenemjunts.es/?op=8&n=1221&lang=1
130,cuadernos_de_trabajo,1,https://ceeielche.emprenemjunts.es/?op=8&n=1221,Valencià,https://ceeielche.emprenemjunts.es/?op=8&n=1221&lang=2
131,cuadernos_de_trabajo,1,https://ceeielche.emprenemjunts.es/?op=8&n=1221,English,https://ceeielche.emprenemjunts.es/?op=8&n=1221&lang=3
132,webinars,1,https://ceeielche.emprenemjunts.es/?op=8&n=1222,CEEI Elche MENÚ,https://ceeielche.emprenemjunts.es/?op=8&n=1222
133,webinars,1,https://ceeielche.emprenemjunts.es/?op=8&n=1222,Qué es el CEEI,https://ceeielche.emprenemjunts.es/?op=130&id=249
134,webinars,1,https://ceeielche.emprenemjunts.es/?op=8&n=1222,Qué ofrecemos,https://ceeielche.emprenemjunts.es/?op=130&id=250
135,webinars,1,https://ceeielche.emprenemjunts.es/?op=8&n=1222,A quién nos dirigimos,https://ceeielche.emprenemjunts.es/?op=130&id=251
136,webinars,1,https://ceeielche.emprenemjunts.es/?op=8&n=1222,Ley de Transparencia,https://ceeielche.emprenemjunts.es/?op=130&id=254
137,webinars,1,https://ceeielche.emprenemjunts.es/?op=8&n=1222,Contacta con nosotros,https://ceeielche.emprenemjunts.es/?op=130&id=253
138,webinars,1,https://ceeielche.emprenemjunts.es/?op=8&n=1222,Español,https://ceeielche.emprenemjunts.es/?op=8&n=1222&lang=1
139,webinars,1,https://ceeielche.emprenemjunts.es/?op=8&n=1222,Valencià,https://ceeielche.emprenemjunts.es/?op=8&n=1222&lang=2
140,webinars,1,https://ceeielche.emprenemjunts.es/?op=8&n=1222,English,https://ceeielche.emprenemjunts.es/?op=8&n=1222&lang=3
