id,seccion_origen,titulo,url,pagina_origen
1,manuales,Recursos,https://ceeielche.emprenemjunts.es/?op=130&id=107,https://ceeielche.emprenemjunts.es/?op=35&quebusco=20&bbtipoagru=657
2,manuales,Qué es el CEEI,https://ceeielche.emprenemjunts.es/?op=130&id=249,https://ceeielche.emprenemjunts.es/?op=35&quebusco=20&bbtipoagru=657
3,manuales,Qué ofrecemos,https://ceeielche.emprenemjunts.es/?op=130&id=250,https://ceeielche.emprenemjunts.es/?op=35&quebusco=20&bbtipoagru=657
4,manuales,A quién nos dirigimos,https://ceeielche.emprenemjunts.es/?op=130&id=251,https://ceeielche.emprenemjunts.es/?op=35&quebusco=20&bbtipoagru=657
5,manuales,Ley de Transparencia,https://ceeielche.emprenemjunts.es/?op=130&id=254,https://ceeielche.emprenemjunts.es/?op=35&quebusco=20&bbtipoagru=657
6,manuales,Contacta con nosotros,https://ceeielche.emprenemjunts.es/?op=130&id=253,https://ceeielche.emprenemjunts.es/?op=35&quebusco=20&bbtipoagru=657
"7,manuales,""Manual de Ciberseguridad para pymes Manual para pymes, autónomos y emprendedores"",https://ceeielche.emprenemjunts.es/?op=13&n=22915,https://ceeielche.emprenemjunts.es/?op=35&quebusco=20&bbtipoagru=657"
"8,manuales,""Manual Diagrama integral de startups Entender y gestionar todo el ciclo de vida de una startup, desde la ideación hasta la consolidación e internacionalización."",https://ceeielche.emprenemjunts.es/?op=13&n=22691,https://ceeielche.emprenemjunts.es/?op=35&quebusco=20&bbtipoagru=657"
"9,manuales,""Manual de Creación de Valor Compartido Manual Gestión Empresarial realizado por Joan Ramon Sanchis, Vanessa Campos y Ana Teresa Ejarque, del Departamento de Dirección de Empresa de UV"",https://ceeielche.emprenemjunts.es/?op=13&n=21500,https://ceeielche.emprenemjunts.es/?op=35&quebusco=20&bbtipoagru=657"
"10,manuales,""Manual de Salud Mental para Personas Emprendedoras Manual Gestión Empresarial realizado por Luis Martínez, Diseño de Soluciones Innovadoras en RRHH, en Equipo Humano."",https://ceeielche.emprenemjunts.es/?op=13&n=21499,https://ceeielche.emprenemjunts.es/?op=35&quebusco=20&bbtipoagru=657"
"11,manuales,""Manual de Comunicación Efectiva Manual Gestión Empresarial realizado por Luis Martínez, Diseño de Soluciones Innovadoras en RRHH, en Equipo Humano"",https://ceeielche.emprenemjunts.es/?op=13&n=21498,https://ceeielche.emprenemjunts.es/?op=35&quebusco=20&bbtipoagru=657"
12,manuales,Manual Inteligencia artificial aplicada a startups Casos prácticos para usar inteligencia artificial en startups,https://ceeielche.emprenemjunts.es/?op=13&n=20566,https://ceeielche.emprenemjunts.es/?op=35&quebusco=20&bbtipoagru=657
13,manuales,Manual ScaleUp y softlanding ScaleUp y softlanding internacional,https://ceeielche.emprenemjunts.es/?op=13&n=20565,https://ceeielche.emprenemjunts.es/?op=35&quebusco=20&bbtipoagru=657
14,manuales,Manual de Inbound Marketing Manual de estrategia inbound B2B,https://ceeielche.emprenemjunts.es/?op=13&n=20564,https://ceeielche.emprenemjunts.es/?op=35&quebusco=20&bbtipoagru=657
15,manuales,Manual de Inversión en Startups Manual Gestión Empresarial realizado por BIGBAN Inversores Privados,https://ceeielche.emprenemjunts.es/?op=13&n=20496,https://ceeielche.emprenemjunts.es/?op=35&quebusco=20&bbtipoagru=657
16,manuales,OKR. Objetivos y Resultados Claves Manual Gestión Empresarial realizado por Francisco Javier Rivero,https://ceeielche.emprenemjunts.es/?op=13&n=19323,https://ceeielche.emprenemjunts.es/?op=35&quebusco=20&bbtipoagru=657
17,manuales,Claves para Elaborar un Plan de Igualdad Manual de Gestión Empresarial elaborado por Sandra Merchán,https://ceeielche.emprenemjunts.es/?op=13&n=18340,https://ceeielche.emprenemjunts.es/?op=35&quebusco=20&bbtipoagru=657
18,manuales,Guía de Digitalización para Pymes Manual de Gestión Empresarial elaborado por Leonard Pera,https://ceeielche.emprenemjunts.es/?op=13&n=18339,https://ceeielche.emprenemjunts.es/?op=35&quebusco=20&bbtipoagru=657
"19,manuales,""La Sostenibilidad en la Empresa. Aplicación Práctica a las PYMES (61) Manual elaborado por Joan Ramon Sanchis Palacio, Vanessa Campos Climent y Ana Teresa Ejarque Catalá"",https://ceeielche.emprenemjunts.es/?op=13&n=18162,https://ceeielche.emprenemjunts.es/?op=35&quebusco=20&bbtipoagru=657"
20,manuales,Metodología SCRUM (60) Manual elaborado por Roberto Touza,https://ceeielche.emprenemjunts.es/?op=13&n=15935,https://ceeielche.emprenemjunts.es/?op=35&quebusco=20&bbtipoagru=657
21,manuales,Teletrabajo (59) Manual de Gestión Empresarial elaborado por David Blay,https://ceeielche.emprenemjunts.es/?op=13&n=15825,https://ceeielche.emprenemjunts.es/?op=35&quebusco=20&bbtipoagru=657
22,manuales,Métricas para Startups (58) Manual de Gestión Empresarial elaborado por Roberto Touza,https://ceeielche.emprenemjunts.es/?op=13&n=14801,https://ceeielche.emprenemjunts.es/?op=35&quebusco=20&bbtipoagru=657
23,manuales,Escalabilidad Startups (57) Manual de Gestión Empresarial elaborado por Roberto Touza,https://ceeielche.emprenemjunts.es/?op=13&n=14624,https://ceeielche.emprenemjunts.es/?op=35&quebusco=20&bbtipoagru=657
24,manuales,Escalado ágil: Cómo descubrir y usar palancas exponenciales de un modelo de negocio Autor: José Antonio de Miguel (Presidente AFICE),https://ceeielche.emprenemjunts.es/?op=13&n=14184,https://ceeielche.emprenemjunts.es/?op=35&quebusco=20&bbtipoagru=657
25,manuales,Marketing Sensorial (55),https://ceeielche.emprenemjunts.es/?op=13&n=13789,https://ceeielche.emprenemjunts.es/?op=35&quebusco=20&bbtipoagru=657
"26,manuales,""Planificación, Control y Seguimiento de Proyectos de I+D+i (49)"",https://ceeielche.emprenemjunts.es/?op=13&n=9098,https://ceeielche.emprenemjunts.es/?op=35&quebusco=20&bbtipoagru=657"
27,manuales,La Innovación como Factor Clave de Competitividad (46),https://ceeielche.emprenemjunts.es/?op=13&n=8916,https://ceeielche.emprenemjunts.es/?op=35&quebusco=20&bbtipoagru=657
28,manuales,Técnicas de Negociación para Emprendedores (45),https://ceeielche.emprenemjunts.es/?op=13&n=7752,https://ceeielche.emprenemjunts.es/?op=35&quebusco=20&bbtipoagru=657
29,manuales,Estrategias 'Low Cost' para Emprendedores (44),https://ceeielche.emprenemjunts.es/?op=13&n=7751,https://ceeielche.emprenemjunts.es/?op=35&quebusco=20&bbtipoagru=657
30,manuales,Técnicas de Venta para Emprendedores (43),https://ceeielche.emprenemjunts.es/?op=13&n=7750,https://ceeielche.emprenemjunts.es/?op=35&quebusco=20&bbtipoagru=657
31,manuales,Cómo diseñar tu modelo de negocio. Modelo CANVAS (40),https://ceeielche.emprenemjunts.es/?op=13&n=6880,https://ceeielche.emprenemjunts.es/?op=35&quebusco=20&bbtipoagru=657
32,manuales,Cómo gestionar el crecimiento de tu empresa (39),https://ceeielche.emprenemjunts.es/?op=13&n=6879,https://ceeielche.emprenemjunts.es/?op=35&quebusco=20&bbtipoagru=657
33,manuales,Cómo crear una tienda online (35) colección manuales para el emprendedor,https://ceeielche.emprenemjunts.es/?op=13&n=5606,https://ceeielche.emprenemjunts.es/?op=35&quebusco=20&bbtipoagru=657
34,manuales,Cultura Economica para Emprendedores (34) Manuales para emprendedores,https://ceeielche.emprenemjunts.es/?op=13&n=5604,https://ceeielche.emprenemjunts.es/?op=35&quebusco=20&bbtipoagru=657
35,manuales,Utilización de las Redes Sociales para Posicionar la Empresa y Vender (33),https://ceeielche.emprenemjunts.es/?op=13&n=4390,https://ceeielche.emprenemjunts.es/?op=35&quebusco=20&bbtipoagru=657
36,manuales,Presentación de proyectos empresariales a posibles inversores ( 25),https://ceeielche.emprenemjunts.es/?op=13&n=1100,https://ceeielche.emprenemjunts.es/?op=35&quebusco=20&bbtipoagru=657
37,manuales,Proceso de elaboración de un plan estratégico (22),https://ceeielche.emprenemjunts.es/?op=13&n=1021,https://ceeielche.emprenemjunts.es/?op=35&quebusco=20&bbtipoagru=657
38,manuales,Marketing Online y Posicionamiento en Internet (5),https://ceeielche.emprenemjunts.es/?op=13&n=241,https://ceeielche.emprenemjunts.es/?op=35&quebusco=20&bbtipoagru=657
39,manuales,Alternativas de Financiación y sus costes (3),https://ceeielche.emprenemjunts.es/?op=13&n=239,https://ceeielche.emprenemjunts.es/?op=35&quebusco=20&bbtipoagru=657
40,manuales,emprendimiento pyme manuales empresa gestión empre,https://ceeielche.emprenemjunts.es/?op=35&buscar=1&quebusco=1&tagsIn_16=emprendimiento_pyme_manuales_empresa_gesti%F3n_empre,https://ceeielche.emprenemjunts.es/?op=35&quebusco=20&bbtipoagru=657
41,manuales,AdmonVlc,https://ceeielche.emprenemjunts.es/?op=52&id=78115,https://ceeielche.emprenemjunts.es/?op=35&quebusco=20&bbtipoagru=657
42,manuales,Red CEEI Comunitat Valenciana,https://ceeielche.emprenemjunts.es/?op=36&id=1211,https://ceeielche.emprenemjunts.es/?op=35&quebusco=20&bbtipoagru=657
