titulo,url,archivo
Estudio de fotografía y vídeo para empresas,https://ceeielche.emprenemjunts.es/?op=13&n=22995,Estudio de fotografía y vídeo para empresas.txt
Empresa de Tiempo Libre,https://ceeielche.emprenemjunts.es/?op=13&n=22448,Empresa de Tiempo Libre.txt
Servicios Forestales,https://ceeielche.emprenemjunts.es/?op=13&n=22447,Servicios Forestales.txt
Turismo Activo,https://ceeielche.emprenemjunts.es/?op=13&n=22446,Turismo Activo.txt
Turismo Cultural,https://ceeielche.emprenemjunts.es/?op=13&n=22445,Turismo Cultural.txt
Gestión Cultural,https://ceeielche.emprenemjunts.es/?op=13&n=22444,Gestión Cultural.txt
Tienda de Muebles con Servicio de Diseño a Medida,https://ceeielche.emprenemjunts.es/?op=13&n=21521,Tienda de Muebles con Servicio de Diseño a Medida.txt
Panadería - Cafetería,https://ceeielche.emprenemjunts.es/?op=13&n=21520,Panadería - Cafetería.txt
Despacho Profesional: Servicios de Consultoría,https://ceeielche.emprenemjunts.es/?op=13&n=21519,Despacho Profesional_ Servicios de Consultoría.txt
Centro Deportivo Privado,https://ceeielche.emprenemjunts.es/?op=13&n=21518,Centro Deportivo Privado.txt
Asesoramiento en Criptomonedas,https://ceeielche.emprenemjunts.es/?op=13&n=20513,Asesoramiento en Criptomonedas.txt
Empresa Insurtech,https://ceeielche.emprenemjunts.es/?op=13&n=20512,Empresa Insurtech.txt
Empresa Fintech,https://ceeielche.emprenemjunts.es/?op=13&n=20511,Empresa Fintech.txt
Empresa Proptech,https://ceeielche.emprenemjunts.es/?op=13&n=20510,Empresa Proptech.txt
Tienda de Informática con Reparación y Mantenimiento,https://ceeielche.emprenemjunts.es/?op=13&n=19331,Tienda de Informática con Reparación y Mantenimiento.txt
Instalación Solar Fotovoltaica,https://ceeielche.emprenemjunts.es/?op=13&n=19329,Instalación Solar Fotovoltaica.txt
Empresa de Reformas,https://ceeielche.emprenemjunts.es/?op=13&n=19327,Empresa de Reformas.txt
Clínica Veterinaria,https://ceeielche.emprenemjunts.es/?op=13&n=19325,Clínica Veterinaria.txt
Calefacción y fontanería con energías renovables,https://ceeielche.emprenemjunts.es/?op=13&n=19312,Calefacción y fontanería con energías renovables.txt
Taller electromecánico del automóvil,https://ceeielche.emprenemjunts.es/?op=13&n=18275,Taller electromecánico del automóvil.txt
Empresa de mantenimiento industrial,https://ceeielche.emprenemjunts.es/?op=13&n=18274,Empresa de mantenimiento industrial.txt
Imprenta y artes gráficas,https://ceeielche.emprenemjunts.es/?op=13&n=18273,Imprenta y artes gráficas.txt
Domótica e inmótica,https://ceeielche.emprenemjunts.es/?op=13&n=18272,Domótica e inmótica.txt
Clínica dental,https://ceeielche.emprenemjunts.es/?op=13&n=18271,Clínica dental.txt
Carpintería metálica,https://ceeielche.emprenemjunts.es/?op=13&n=18263,Carpintería metálica.txt
Carpintería de madera,https://ceeielche.emprenemjunts.es/?op=13&n=18262,Carpintería de madera.txt
Asistencia a personas mayores,https://ceeielche.emprenemjunts.es/?op=13&n=18261,Asistencia a personas mayores.txt
Asistencia a la infancia,https://ceeielche.emprenemjunts.es/?op=13&n=18260,Asistencia a la infancia.txt
Asesoría Energética,https://ceeielche.emprenemjunts.es/?op=13&n=18259,Asesoría Energética.txt
Tienda taller de composturas,https://ceeielche.emprenemjunts.es/?op=13&n=16267,Tienda taller de composturas.txt
Robot Corta-Césped,https://ceeielche.emprenemjunts.es/?op=13&n=16266,Robot Corta-Césped.txt
Distribución y asistencia técnica en impresión 3D,https://ceeielche.emprenemjunts.es/?op=13&n=16265,Distribución y asistencia técnica en impresión 3D.txt
Alquiler y reparación de embarcaciones,https://ceeielche.emprenemjunts.es/?op=13&n=16264,Alquiler y reparación de embarcaciones.txt
Software as a Service (SAAS),https://ceeielche.emprenemjunts.es/?op=13&n=14837,Software as a Service _SAAS_.txt
Economía Circular,https://ceeielche.emprenemjunts.es/?op=13&n=14822,Economía Circular.txt
Plataformas de Crowdfunding,https://ceeielche.emprenemjunts.es/?op=13&n=14766,Plataformas de Crowdfunding.txt
Long Tail,https://ceeielche.emprenemjunts.es/?op=13&n=14757,Long Tail.txt
Formación y cultura,https://ceeielche.emprenemjunts.es/?op=13&n=14744,Formación y cultura.txt
Plataformas Online,https://ceeielche.emprenemjunts.es/?op=13&n=14704,Plataformas Online.txt
Ecommerce B2C,https://ceeielche.emprenemjunts.es/?op=13&n=14649,Ecommerce B2C.txt
