seccion,titulo,url_pagina
Guías_de_Apoyo,Guía práctica para Incorporar los ODS en proyectos Emprendedores y pymes,https://ceeielche.emprenemjunts.es/?op=13&n=18555
Guías_de_Apoyo,"Guía Cómo obtener el Sello PYME InnovadoraQué es, quién lo otorga, cómo acceder y sus ventajas.",https://ceeielche.emprenemjunts.es/?op=13&n=9286
Guías_de_Apoyo,Mejoras en las deducciones fiscales por I+D+iGuía elaborada por Proyecta Innovación,https://ceeielche.emprenemjunts.es/?op=13&n=9278
Guías_de_Apoyo,Recursos y Herramientas de Apoyo para la Creación y el Crecimiento de Empresas,https://ceeielche.emprenemjunts.es/?op=13&n=4726
Guías_de_Apoyo,Guía Sello JEI y PYME Innovadora,https://ceeielche.emprenemjunts.es/?op=13&n=8830
Guías_de_Apoyo,Guía básica para crear una app móvil de éxitoAlgunas cuestiones básicas que cabe afrontar antes de empezar a desarrollar una aplicación móvil,https://ceeielche.emprenemjunts.es/?op=13&n=8821
Guías_de_Apoyo,Tarifa Plana de Autónomos 2014,https://ceeielche.emprenemjunts.es/?op=13&n=7710
Guías_de_Apoyo,"Facebook, crea una comunidad, interactúa y vende",https://ceeielche.emprenemjunts.es/?op=13&n=7477
Guías_de_Apoyo,Patent Box y Deducciones Fiscales,https://ceeielche.emprenemjunts.es/?op=13&n=7230
Guías_de_Apoyo,Guía de Apoyo: El miedo a hablar en públicoApuntes de la Jornada realizada en el CEEI Valencia el 30 de Enero de 2014,https://ceeielche.emprenemjunts.es/?op=13&n=6894
Guías_de_Apoyo,Servicios Coworking CEEI Valencia,https://ceeielche.emprenemjunts.es/?op=13&n=5955
Guías_de_Apoyo,Guía de Apoyo: Premios para Emprendedores y EmpresasInformación de las últimas convocatorias,https://ceeielche.emprenemjunts.es/?op=13&n=5668
Guías_de_Apoyo,Guía de Apoyo: Fuentes de Financiación,https://ceeielche.emprenemjunts.es/?op=13&n=5446
Guías_de_Apoyo,Guía de Apoyo: Métodos de Cálculo del Tamaño de Mercado,https://ceeielche.emprenemjunts.es/?op=13&n=5445
Guías_de_Apoyo,Guía de apoyo: Listado de Guías de Actividades Empresariales98 Guías que te ayudarán a poner en marcha tu empresa,https://ceeielche.emprenemjunts.es/?op=13&n=5442
Guías_de_Apoyo,"Guía de apoyo: Geolocalización y Redes Sociales, dos caras de la misma moneda",https://ceeielche.emprenemjunts.es/?op=13&n=5026
Guías_de_Apoyo,Guía de Apoyo: Principios básicos de LOPD y LSSI,https://ceeielche.emprenemjunts.es/?op=13&n=3773
Guías_de_Apoyo,Guía de Apoyo: Ayudas y Subvenciones,https://ceeielche.emprenemjunts.es/?op=13&n=3754
Guías_de_Apoyo,Guía de Apoyo: Trámites de constitución de empresas,https://ceeielche.emprenemjunts.es/?op=13&n=3753
Guías_de_Apoyo,Guía de Apoyo: Fuentes de Información EmpresarialInformación para realizar tu business plan,https://ceeielche.emprenemjunts.es/?op=13&n=3752
Guías_de_Apoyo,Guia de responsabilidad social de la empresaGuía de Responsabilidad Social Corporativa,https://ceeielche.emprenemjunts.es/?op=13&n=1640
Guías_Sectoriales,Empresa de Servicios Forestales,https://ceeielche.emprenemjunts.es/?op=13&n=2112
Guías_Sectoriales,Empresas de Tiempo Libre,https://ceeielche.emprenemjunts.es/?op=13&n=2062
Guías_Sectoriales,Turismo Cultural,https://ceeielche.emprenemjunts.es/?op=13&n=2118
Guías_Sectoriales,Turismo Activo,https://ceeielche.emprenemjunts.es/?op=13&n=2119
Guías_Sectoriales,Gestión  Cultural,https://ceeielche.emprenemjunts.es/?op=13&n=2024
Guías_Sectoriales,Tienda de Muebles,https://ceeielche.emprenemjunts.es/?op=13&n=2106
Guías_Sectoriales,Despachos Profesionales/Sociedades Profesionales,https://ceeielche.emprenemjunts.es/?op=13&n=5458
Guías_Sectoriales,Centro Deportivo Privado,https://ceeielche.emprenemjunts.es/?op=13&n=2052
Guías_Sectoriales,Panadería-Cafetería,https://ceeielche.emprenemjunts.es/?op=13&n=2070
Guías_Sectoriales,Centros de Fisioterapia,https://ceeielche.emprenemjunts.es/?op=13&n=2053
Guías_Sectoriales,Consultoría de Prevención de Riesgos Laborales,https://ceeielche.emprenemjunts.es/?op=13&n=2027
Guías_Sectoriales,Bioenergía,https://ceeielche.emprenemjunts.es/?op=13&n=2081
Guías_Sectoriales,Laboratorio Agroalimentario y Medioambiental,https://ceeielche.emprenemjunts.es/?op=13&n=2084
Guías_Sectoriales,Gabinete de Diseño Gráfico,https://ceeielche.emprenemjunts.es/?op=13&n=2029
Guías_Sectoriales,Empresa de Limpieza,https://ceeielche.emprenemjunts.es/?op=13&n=2130
Guías_Sectoriales,Fabricación de Componentes Electrónicos,https://ceeielche.emprenemjunts.es/?op=13&n=2074
Guías_Sectoriales,Empresa de Vending,https://ceeielche.emprenemjunts.es/?op=13&n=2098
Guías_Sectoriales,Carpintería. Muebles a Medida,https://ceeielche.emprenemjunts.es/?op=13&n=2047
Guías_Sectoriales,Instalación de Calefacción y Fontanería con Energías Renovables,https://ceeielche.emprenemjunts.es/?op=13&n=5459
Guías_Sectoriales,Instalaciones de Seguridad Electrónica y Domótica,https://ceeielche.emprenemjunts.es/?op=13&n=5466
Guías_Sectoriales,Tienda Informática con Reparación y Mantenimiento,https://ceeielche.emprenemjunts.es/?op=13&n=2038
Guías_Sectoriales,Clínica y Tienda Veterinaria,https://ceeielche.emprenemjunts.es/?op=13&n=2115
Guías_Sectoriales,Gestión de Patrimonio Cultural,https://ceeielche.emprenemjunts.es/?op=13&n=2068
Guías_Sectoriales,Sector de la Moda,https://ceeielche.emprenemjunts.es/?op=13&n=2109
Guías_Sectoriales,Agencia Inmobiliaria,https://ceeielche.emprenemjunts.es/?op=13&n=2085
Guías_Sectoriales,Turismo Rural,https://ceeielche.emprenemjunts.es/?op=13&n=2117
Guías_Sectoriales,Servicios Médicos a la Tercera Edad,https://ceeielche.emprenemjunts.es/?op=13&n=2133
Guías_Sectoriales,Empresa de Servicios Sociales,https://ceeielche.emprenemjunts.es/?op=13&n=2022
Guías_Sectoriales,Producción Audiovisual y Multimedia,https://ceeielche.emprenemjunts.es/?op=13&n=2040
Guías_Sectoriales,Ayuda a Domicilio a la Tercera Edad,https://ceeielche.emprenemjunts.es/?op=13&n=2134
Guías_Sectoriales,Consultoría Medioambiental,https://ceeielche.emprenemjunts.es/?op=13&n=2080
Guías_Sectoriales,Instalaciones de Energía Solar Fotovoltaica,https://ceeielche.emprenemjunts.es/?op=13&n=2083
Guías_Sectoriales,Software Especializado y Programación de Ordenadores,https://ceeielche.emprenemjunts.es/?op=13&n=2036
Guías_Sectoriales,Tratamiento de Residuos,https://ceeielche.emprenemjunts.es/?op=13&n=5469
Guías_Sectoriales,Residencia de la Tercera Edad,https://ceeielche.emprenemjunts.es/?op=13&n=2132
Guías_Sectoriales,Empresa de Jardinería,https://ceeielche.emprenemjunts.es/?op=13&n=2111
Guías_Sectoriales,Tienda de Productos Ecológicos,https://ceeielche.emprenemjunts.es/?op=13&n=5470
Guías_Sectoriales,Academias,https://ceeielche.emprenemjunts.es/?op=13&n=2034
Guías_Sectoriales,Empresas de I+D,https://ceeielche.emprenemjunts.es/?op=13&n=5460
Guías_Sectoriales,Comercio Electrónico,https://ceeielche.emprenemjunts.es/?op=13&n=5457
Fichas,Taller de Arreglos y Confección Personalizada,https://ceeielche.emprenemjunts.es/?op=13&n=23056
Fichas,Producción de Textiles Técnicos,https://ceeielche.emprenemjunts.es/?op=13&n=23055
Fichas,Empresa de Reformas,https://ceeielche.emprenemjunts.es/?op=13&n=23054
Fichas,Empresa de Experiencias Turísticas Locales,https://ceeielche.emprenemjunts.es/?op=13&n=23053
Fichas,Empresa de Domótica para Ahorro Energético,https://ceeielche.emprenemjunts.es/?op=13&n=23052
Fichas,Centro de Impresión Digital,https://ceeielche.emprenemjunts.es/?op=13&n=23051
Fichas,Carpintería de Muebles,https://ceeielche.emprenemjunts.es/?op=13&n=23049
Fichas,Servicios de Fotografía y Vídeo para Empresas,https://ceeielche.emprenemjunts.es/?op=13&n=23032
Fichas,Producción Hidropónica y Aeropónica de Bajo Consumo,https://ceeielche.emprenemjunts.es/?op=13&n=23031
Fichas,Obrador de Alimentos Veganos o Plant-Based,https://ceeielche.emprenemjunts.es/?op=13&n=23030
Fichas,Instalación de Calefacción y Fontanería con Energías Renovables,https://ceeielche.emprenemjunts.es/?op=13&n=23029
Fichas,Empresa de Mecanizados de Precisión,https://ceeielche.emprenemjunts.es/?op=13&n=23028
Fichas,Empresa de Jardinería,https://ceeielche.emprenemjunts.es/?op=13&n=23027
Fichas,Empresa de Fabricación de Productos de Limpieza Ecológicos a Granel,https://ceeielche.emprenemjunts.es/?op=13&n=23023
Fichas,Empresa de Servicio Móvil de Maquillaje y Peluquería para Eventos,https://ceeielche.emprenemjunts.es/?op=13&n=22936
Fichas,Gestión de Redes Sociales para Comercio Local,https://ceeielche.emprenemjunts.es/?op=13&n=22937
Fichas,Gestoría Administrativa,https://ceeielche.emprenemjunts.es/?op=13&n=22938
Fichas,Taller de Impresión 3D y Prototipado Sostenible,https://ceeielche.emprenemjunts.es/?op=13&n=22939
Fichas,Taller especializado en vehículos eléctricos y movilidad sostenible,https://ceeielche.emprenemjunts.es/?op=13&n=22940
Fichas,Taller de Informática con Reparación y Mantenimiento,https://ceeielche.emprenemjunts.es/?op=13&n=22941
Fichas,Ayuda a Domicilio para la 3ª Edad,https://ceeielche.emprenemjunts.es/?op=13&n=22935
Fichas,Servicios Forestales,https://ceeielche.emprenemjunts.es/?op=13&n=629
Fichas,Turismo Cultural,https://ceeielche.emprenemjunts.es/?op=13&n=22280
Fichas,Turismo Activo,https://ceeielche.emprenemjunts.es/?op=13&n=4704
Fichas,Empresa de Tiempo Libre,https://ceeielche.emprenemjunts.es/?op=13&n=8059
Fichas,Gestión Cultural,https://ceeielche.emprenemjunts.es/?op=13&n=5020
Fichas,Centro deportivo privado,https://ceeielche.emprenemjunts.es/?op=13&n=4347
Fichas,Despachos Profesionales,https://ceeielche.emprenemjunts.es/?op=13&n=5246
Fichas,Tienda de Muebles,https://ceeielche.emprenemjunts.es/?op=13&n=6874
Fichas,Panadería-Cafetería,https://ceeielche.emprenemjunts.es/?op=13&n=4351
Fichas,Consultoría de Prevención de Riesgos Laborales,https://ceeielche.emprenemjunts.es/?op=13&n=20563
Fichas,Clínica de Fisioterapia,https://ceeielche.emprenemjunts.es/?op=13&n=4225
Fichas,Laboratorio agroalimentario y medioambiental,https://ceeielche.emprenemjunts.es/?op=13&n=20471
Fichas,Bioenergía,https://ceeielche.emprenemjunts.es/?op=13&n=4735
Fichas,Gabinete de Diseño Industrial,https://ceeielche.emprenemjunts.es/?op=13&n=4699
Fichas,Empresas de Limpieza,https://ceeielche.emprenemjunts.es/?op=13&n=4227
Fichas,Empresas de Vending,https://ceeielche.emprenemjunts.es/?op=13&n=6796
Fichas,Carpintería de Muebles,https://ceeielche.emprenemjunts.es/?op=13&n=19546
Fichas,Fabricación de Componentes Electrónicos,https://ceeielche.emprenemjunts.es/?op=13&n=19545
Fichas,Tienda de Informática con Reparación y Mantenimiento,https://ceeielche.emprenemjunts.es/?op=13&n=4700
Modelos_de_Negocio,Centro especializado en vehículos eléctricos,https://ceeielche.emprenemjunts.es/?op=13&n=23019
Modelos_de_Negocio,Taller de impresión 3D  y prototipado rápido a partir de residuos vegetales,https://ceeielche.emprenemjunts.es/?op=13&n=23017
Modelos_de_Negocio,Obrador de alimentos veganos o Plant-Based,https://ceeielche.emprenemjunts.es/?op=13&n=23016
Modelos_de_Negocio,Taller de arreglos y confección personalizada sostenible,https://ceeielche.emprenemjunts.es/?op=13&n=22997
Modelos_de_Negocio,Servicio móvil de maquillaje y peluquería para eventos,https://ceeielche.emprenemjunts.es/?op=13&n=22996
Modelos_de_Negocio,Estudio de fotografía y vídeo para empresas,https://ceeielche.emprenemjunts.es/?op=13&n=22995
Modelos_de_Negocio,Empresa de Tiempo Libre,https://ceeielche.emprenemjunts.es/?op=13&n=22448
Modelos_de_Negocio,Servicios Forestales,https://ceeielche.emprenemjunts.es/?op=13&n=22447
Modelos_de_Negocio,Turismo Activo,https://ceeielche.emprenemjunts.es/?op=13&n=22446
Modelos_de_Negocio,Turismo Cultural,https://ceeielche.emprenemjunts.es/?op=13&n=22445
Modelos_de_Negocio,Gestión Cultural,https://ceeielche.emprenemjunts.es/?op=13&n=22444
Modelos_de_Negocio,Tienda de Muebles con Servicio de Diseño a Medida,https://ceeielche.emprenemjunts.es/?op=13&n=21521
Modelos_de_Negocio,Panadería - Cafetería,https://ceeielche.emprenemjunts.es/?op=13&n=21520
Modelos_de_Negocio,Despacho Profesional: Servicios de Consultoría,https://ceeielche.emprenemjunts.es/?op=13&n=21519
Modelos_de_Negocio,Centro Deportivo Privado,https://ceeielche.emprenemjunts.es/?op=13&n=21518
Modelos_de_Negocio,Asesoramiento en Criptomonedas,https://ceeielche.emprenemjunts.es/?op=13&n=20513
Modelos_de_Negocio,Empresa Insurtech,https://ceeielche.emprenemjunts.es/?op=13&n=20512
Modelos_de_Negocio,Empresa Fintech,https://ceeielche.emprenemjunts.es/?op=13&n=20511
Modelos_de_Negocio,Empresa Proptech,https://ceeielche.emprenemjunts.es/?op=13&n=20510
Modelos_de_Negocio,Tienda de Informática con Reparación y Mantenimiento,https://ceeielche.emprenemjunts.es/?op=13&n=19331
Modelos_de_Negocio,Instalación Solar Fotovoltaica,https://ceeielche.emprenemjunts.es/?op=13&n=19329
Modelos_de_Negocio,Empresa de Reformas,https://ceeielche.emprenemjunts.es/?op=13&n=19327
Modelos_de_Negocio,Clínica Veterinaria,https://ceeielche.emprenemjunts.es/?op=13&n=19325
Modelos_de_Negocio,Calefacción y fontanería con energías renovables,https://ceeielche.emprenemjunts.es/?op=13&n=19312
Modelos_de_Negocio,Taller electromecánico del automóvil,https://ceeielche.emprenemjunts.es/?op=13&n=18275
Modelos_de_Negocio,Empresa de mantenimiento industrial,https://ceeielche.emprenemjunts.es/?op=13&n=18274
Modelos_de_Negocio,Imprenta y artes gráficas,https://ceeielche.emprenemjunts.es/?op=13&n=18273
Modelos_de_Negocio,Domótica e inmótica,https://ceeielche.emprenemjunts.es/?op=13&n=18272
Modelos_de_Negocio,Clínica dental,https://ceeielche.emprenemjunts.es/?op=13&n=18271
Modelos_de_Negocio,Carpintería metálica,https://ceeielche.emprenemjunts.es/?op=13&n=18263
Modelos_de_Negocio,Carpintería de madera,https://ceeielche.emprenemjunts.es/?op=13&n=18262
Modelos_de_Negocio,Asistencia a personas mayores,https://ceeielche.emprenemjunts.es/?op=13&n=18261
Modelos_de_Negocio,Asistencia a la infancia,https://ceeielche.emprenemjunts.es/?op=13&n=18260
Modelos_de_Negocio,Asesoría Energética,https://ceeielche.emprenemjunts.es/?op=13&n=18259
Modelos_de_Negocio,Tienda taller de composturas,https://ceeielche.emprenemjunts.es/?op=13&n=16267
Modelos_de_Negocio,Robot Corta-Césped,https://ceeielche.emprenemjunts.es/?op=13&n=16266
Modelos_de_Negocio,Distribución y asistencia técnica en impresión 3D,https://ceeielche.emprenemjunts.es/?op=13&n=16265
Modelos_de_Negocio,Alquiler y reparación de embarcaciones,https://ceeielche.emprenemjunts.es/?op=13&n=16264
Modelos_de_Negocio,Software as a Service (SAAS),https://ceeielche.emprenemjunts.es/?op=13&n=14837
Modelos_de_Negocio,Economía Circular,https://ceeielche.emprenemjunts.es/?op=13&n=14822
