seccion,titulo,url
Fichas,Taller de Arreglos y Confección Personalizada,https://ceeielche.emprenemjunts.es/?op=13&n=23056
Fichas,Producción de Textiles Técnicos,https://ceeielche.emprenemjunts.es/?op=13&n=23055
Fichas,Empresa de Reformas,https://ceeielche.emprenemjunts.es/?op=13&n=23054
Fichas,Empresa de Experiencias Turísticas Locales,https://ceeielche.emprenemjunts.es/?op=13&n=23053
Fichas,Empresa de Domótica para Ahorro Energético,https://ceeielche.emprenemjunts.es/?op=13&n=23052
Fichas,Centro de Impresión Digital,https://ceeielche.emprenemjunts.es/?op=13&n=23051
Fichas,Carpintería de Muebles,https://ceeielche.emprenemjunts.es/?op=13&n=23049
Fichas,Servicios de Fotografía y Vídeo para Empresas,https://ceeielche.emprenemjunts.es/?op=13&n=23032
Fichas,Producción Hidropónica y Aeropónica de Bajo Consumo,https://ceeielche.emprenemjunts.es/?op=13&n=23031
Fichas,Obrador de Alimentos Veganos o Plant-Based,https://ceeielche.emprenemjunts.es/?op=13&n=23030
Fichas,Instalación de Calefacción y Fontanería con Energías Renovables,https://ceeielche.emprenemjunts.es/?op=13&n=23029
Fichas,Empresa de Mecanizados de Precisión,https://ceeielche.emprenemjunts.es/?op=13&n=23028
Fichas,Empresa de Jardinería,https://ceeielche.emprenemjunts.es/?op=13&n=23027
Fichas,Empresa de Fabricación de Productos de Limpieza Ecológicos a Granel,https://ceeielche.emprenemjunts.es/?op=13&n=23023
Fichas,Empresa de Servicio Móvil de Maquillaje y Peluquería para Eventos,https://ceeielche.emprenemjunts.es/?op=13&n=22936
Fichas,Taller de Impresión 3D y Prototipado Sostenible,https://ceeielche.emprenemjunts.es/?op=13&n=22939
Fichas,Taller de Informática con Reparación y Mantenimiento,https://ceeielche.emprenemjunts.es/?op=13&n=22941
Fichas,Ayuda a Domicilio para la 3ª Edad,https://ceeielche.emprenemjunts.es/?op=13&n=22935
Fichas,Servicios Forestales,https://ceeielche.emprenemjunts.es/?op=13&n=629
Fichas,Despachos Profesionales,https://ceeielche.emprenemjunts.es/?op=13&n=5246
Fichas,Tienda de Muebles,https://ceeielche.emprenemjunts.es/?op=13&n=6874
Fichas,Panadería-Cafetería,https://ceeielche.emprenemjunts.es/?op=13&n=4351
Fichas,Consultoría de Prevención de Riesgos Laborales,https://ceeielche.emprenemjunts.es/?op=13&n=20563
Fichas,Clínica de Fisioterapia,https://ceeielche.emprenemjunts.es/?op=13&n=4225
Fichas,Laboratorio agroalimentario y medioambiental,https://ceeielche.emprenemjunts.es/?op=13&n=20471
Fichas,Bioenergía,https://ceeielche.emprenemjunts.es/?op=13&n=4735
Fichas,Gabinete de Diseño Industrial,https://ceeielche.emprenemjunts.es/?op=13&n=4699
Fichas,Empresas de Limpieza,https://ceeielche.emprenemjunts.es/?op=13&n=4227
Fichas,Empresas de Vending,https://ceeielche.emprenemjunts.es/?op=13&n=6796
Fichas,Carpintería de Muebles,https://ceeielche.emprenemjunts.es/?op=13&n=19546
Fichas,Fabricación de Componentes Electrónicos,https://ceeielche.emprenemjunts.es/?op=13&n=19545
Fichas,Tienda de Informática con Reparación y Mantenimiento,https://ceeielche.emprenemjunts.es/?op=13&n=4700
Modelos_de_Negocio,Centro especializado en vehículos eléctricos,https://ceeielche.emprenemjunts.es/?op=13&n=23019
Modelos_de_Negocio,Taller de impresión 3D  y prototipado rápido a partir de residuos vegetales,https://ceeielche.emprenemjunts.es/?op=13&n=23017
Modelos_de_Negocio,Obrador de alimentos veganos o Plant-Based,https://ceeielche.emprenemjunts.es/?op=13&n=23016
Modelos_de_Negocio,Taller de arreglos y confección personalizada sostenible,https://ceeielche.emprenemjunts.es/?op=13&n=22997
Modelos_de_Negocio,Servicio móvil de maquillaje y peluquería para eventos,https://ceeielche.emprenemjunts.es/?op=13&n=22996
Infografias,Diagnóstico integral de Startups,https://ceeielche.emprenemjunts.es/?op=13&n=22698
Infografias,Ruta de Financiación en I+D+i,https://ceeielche.emprenemjunts.es/?op=13&n=22690
Infografias,"¿Cómo gestionar un ""funnel"" de innovación?De ideación a implantación",https://ceeielche.emprenemjunts.es/?op=13&n=22685
Infografias,"Las tres coherencias del emprendedorCómo alinear pensamiento, acción y emoción para avanzar con seguridad",https://ceeielche.emprenemjunts.es/?op=13&n=22711
Infografias,VERIFACTU: que es. a quien afecta y como prepararse,https://ceeielche.emprenemjunts.es/?op=13&n=22710
Infografias,Mentorización a emprendedores potenciado por IAAcompañamiento con herramientas productivas de IA,https://ceeielche.emprenemjunts.es/?op=13&n=22709
Infografias,¿Cómo proteger la propiedad intelectual?,https://ceeielche.emprenemjunts.es/?op=13&n=22543
Infografias,Cómo crear una estrategia de contenidos para RRSS,https://ceeielche.emprenemjunts.es/?op=13&n=22597
Infografias,El proceso de innovación de las empresas de éxitoEl modelo de las ETIs para asegurar la competitividad actual y la permanencia en el futuro,https://ceeielche.emprenemjunts.es/?op=13&n=22596
Infografias,Cómo construir un funnel de ventas paso a pasoDe desconocido a cliente fiel: guía para crear un funnel que convierta,https://ceeielche.emprenemjunts.es/?op=13&n=22515
Infografias,Estrategias para reutilizar y reciclar contenido,https://ceeielche.emprenemjunts.es/?op=13&n=22450
Infografias,Cómo hacer un briefing completo para agencia o equipo creativo,https://ceeielche.emprenemjunts.es/?op=13&n=22451
Infografias,10 errores comunes al lanzar una campaña de email marketing,https://ceeielche.emprenemjunts.es/?op=13&n=22419
Infografias,Cómo estructurar un plan de crisis en comunicaciónDe la prevención a la recuperación. Pasos para proteger tu reputación,https://ceeielche.emprenemjunts.es/?op=13&n=22408
Infografias,Ventajas de la innovación abierta,https://ceeielche.emprenemjunts.es/?op=13&n=20485
Infografias,Tecnologías habilitadoras que favorecen la innovación abierta,https://ceeielche.emprenemjunts.es/?op=13&n=20482
Infografias,Claves para crear una cultura de innovación colaborativa en tu empresa,https://ceeielche.emprenemjunts.es/?op=13&n=20472
Infografias,"Mentalidad disruptiva, planificación o adaptabilidad",https://ceeielche.emprenemjunts.es/?op=13&n=20383
Infografias,"Incubadoras, hackatones o aceleradoras",https://ceeielche.emprenemjunts.es/?op=13&n=20350
Infografias,Infografia Innovacion abierta vs cerrada,https://ceeielche.emprenemjunts.es/?op=13&n=20262
Infografias,"Recursos Gratuitos: Creación y Crecimiento de empresasCerca de 600 recursos para personas emprendedoras, startups y pymes",https://ceeielche.emprenemjunts.es/?op=13&n=19321
Infografias,Tips para elaborar una nota de prensa eficaz,https://ceeielche.emprenemjunts.es/?op=13&n=19349
Infografias,Reflexiones antes de enviar contenido a los medios de comunicación,https://ceeielche.emprenemjunts.es/?op=13&n=19350
Infografias,¿Qué es OKR?,https://ceeielche.emprenemjunts.es/?op=13&n=19391
Infografias,Protocolo asesoramiento a personas emprendedoras y a empresas con BIK CEEI,https://ceeielche.emprenemjunts.es/?op=13&n=19435
Infografias,10 herramientas digitales para mejorar tu negocio,https://ceeielche.emprenemjunts.es/?op=13&n=19338
Infografias,10 tips para mejorar la usabilidad de tu web,https://ceeielche.emprenemjunts.es/?op=13&n=19337
Infografias,Pasos para realizar el Plan Social Media de tu negocio,https://ceeielche.emprenemjunts.es/?op=13&n=19333
Infografias,Innovación abiertaINFOGRAFÍAS,https://ceeielche.emprenemjunts.es/?op=13&n=18189
Infografias,5+1 claves para que tu web esté in love with GoogleINFOGRAFÍAS,https://ceeielche.emprenemjunts.es/?op=13&n=18190
Infografias,KPIs. Indicadores Clave de RendimientoINFOGRAFÍAS,https://ceeielche.emprenemjunts.es/?op=13&n=18185
Informes_y_Publicaciones,"Informe 2025 - Hacia un ecosistema más verde, digital e inclusivo: Tendencias del emprendimiento en EspañaInforme del benchmarking de identificación de acciones de emprendimiento de los AEE de las CCAA de España",https://ceeielche.emprenemjunts.es/?op=13&n=22636
Informes_y_Publicaciones,Informe de resultados 2023. Retos para la creación de valor a futuro Comarca de la Vega BajaEsta acción ha sido desarrollada en colaboración con ASEMVEGA,https://ceeielche.emprenemjunts.es/?op=13&n=20550
Informes_y_Publicaciones,Informe de resultados 2023. Retos para la creación de valor a futuro de AESEC.Esta acción ha sido desarrollada en colaboración con AESEC,https://ceeielche.emprenemjunts.es/?op=13&n=20549
Informes_y_Publicaciones,"Informe de resultados 2023. HUB Nueva Ruralidad RegenerativaLo rural como punta de lanza de la transformación económica, social y sostenible",https://ceeielche.emprenemjunts.es/?op=13&n=20551
Informes_y_Publicaciones,Informe de resultados 2023. Retos para la creación de valor a futuro en la Marina Alta.Esta acción ha sido desarrollada en colaboración con CEDMA,https://ceeielche.emprenemjunts.es/?op=13&n=20547
Informes_y_Publicaciones,Informe de resultados 2023. Retos de la industria auxiliar del calzado: presente y futuro del sectorEsta acción ha sido desarrollada en colaboración con AEC,https://ceeielche.emprenemjunts.es/?op=13&n=20546
Informes_y_Publicaciones,"Informe 2023. Ecosistema local energético colaborativo, autosuficiente, eficiente y sostenible en Salinas.Resultados de la implementación de oportunidades en el municipio de Salinas para un desarrollo sostenible",https://ceeielche.emprenemjunts.es/?op=13&n=20548
Informes_y_Publicaciones,Análisis para la definición de las competencias del perfil profesional de un Agente de Desarrollo Local.,https://ceeielche.emprenemjunts.es/?op=13&n=20650
Informes_y_Publicaciones,Resultados fase entender HUB Innovación Colaborativa Territorial 2023- Nueva Ruralidad Regenerativa,https://ceeielche.emprenemjunts.es/?op=13&n=20230
Informes_y_Publicaciones,Resultados proyecto piloto HUB Innovación Colaborativa Territorial 2021 - 2022,https://ceeielche.emprenemjunts.es/?op=13&n=19716
Informes_y_Publicaciones,Observatorio Económico-Empresarial de la ciudad de Elche,https://ceeielche.emprenemjunts.es/?op=13&n=20708
Informes_y_Publicaciones,Informe de resultados proyecto Innoteams 2022,https://ceeielche.emprenemjunts.es/?op=13&n=19319
Informes_y_Publicaciones,Informe Empresas Tractoras 2020 Comunitat Valenciana,https://ceeielche.emprenemjunts.es/?op=13&n=16514
Informes_y_Publicaciones,Informe Benchmarking CEEI Elche 2020: Impacto COVID19. Claves para la Recuperación Económica 2021Informes y estudios,https://ceeielche.emprenemjunts.es/?op=13&n=16509
Informes_y_Publicaciones,Business Innovation Kit-Bikceei 2020,https://ceeielche.emprenemjunts.es/?op=13&n=16496
Informes_y_Publicaciones,Análisis de la capacidad tractora de las empresas de la Provincia de AlicanteIdentificación de las micro y pequeñas empresas más dinámicas,https://ceeielche.emprenemjunts.es/?op=13&n=16420
Informes_y_Publicaciones,EBC´s generadas en el entorno de los Parque Científicos de la Provincia de Alicante y su relación con RIS3-CVInformes y estudios,https://ceeielche.emprenemjunts.es/?op=13&n=14799
Informes_y_Publicaciones,Informe Benchmarking CEEI Elche 2018-2019. Análisis sobre metodologías y herramientas de innovación.Informes y estudios,https://ceeielche.emprenemjunts.es/?op=13&n=14791
Informes_y_Publicaciones,Informe GEM 2018-19 sobre el ecosistema emprendedor en España,https://ceeielche.emprenemjunts.es/?op=13&n=13858
Informes_y_Publicaciones,Informe de la Pyme 2018. Comunidad Valenciana.,https://ceeielche.emprenemjunts.es/?op=13&n=13861
Informes_y_Publicaciones,Guía sobre registro jornada laboralDesde el 12 de mayo las empresas deben realizar un registro de la jornada laboral de sus empleados,https://ceeielche.emprenemjunts.es/?op=13&n=13854
Informes_y_Publicaciones,Resumen HUB de Innovación Colaborativa,https://ceeielche.emprenemjunts.es/?op=13&n=13225
Informes_y_Publicaciones,Análisis sobre metodologías y herramientas de innovación del ecosistema emprendedor de CVInformes y estudios,https://ceeielche.emprenemjunts.es/?op=13&n=12202
Informes_y_Publicaciones,Estudio sobre creación de un Fondo de Garantía para la concesión de microcréditosInformes y estudios,https://ceeielche.emprenemjunts.es/?op=13&n=12091
Informes_y_Publicaciones,Estudio integral sobre el sector marítimo‐recreativo en la Comunidad Valenciana,https://ceeielche.emprenemjunts.es/?op=13&n=11986
Informes_y_Publicaciones,Informe de comercio exterior de Alicante por ICEX,https://ceeielche.emprenemjunts.es/?op=13&n=9144
Informes_y_Publicaciones,Informe COTEC 2014,https://ceeielche.emprenemjunts.es/?op=13&n=7569
Fichas,Clínica y Tienda Veterinaria,https://ceeielche.emprenemjunts.es/?op=13&n=640
Fichas,Instalación de Seguridad Electrónica y Domótica,https://ceeielche.emprenemjunts.es/?op=13&n=5250
Fichas,Calefacción y Fontanería con Energías Renovables,https://ceeielche.emprenemjunts.es/?op=13&n=5248
Fichas,Sector de la Moda,https://ceeielche.emprenemjunts.es/?op=13&n=18168
Fichas,Gestión del Patrimonio Cultural,https://ceeielche.emprenemjunts.es/?op=13&n=6872
Fichas,Turismo Rural,https://ceeielche.emprenemjunts.es/?op=13&n=631
Fichas,Agencia Inmobiliaria,https://ceeielche.emprenemjunts.es/?op=13&n=9097
Fichas,Servicios Médicos a la Tercera Edad,https://ceeielche.emprenemjunts.es/?op=13&n=3941
Fichas,Ayuda a Domicilio a la Tercera Edad,https://ceeielche.emprenemjunts.es/?op=13&n=4229
Fichas,Empresas de Servicios Sociales,https://ceeielche.emprenemjunts.es/?op=13&n=4226
Fichas,Empresa de Producción Audiovisual y Multimedia,https://ceeielche.emprenemjunts.es/?op=13&n=17908
Fichas,Empresa de Contenidos para Formación Online,https://ceeielche.emprenemjunts.es/?op=13&n=5717
Fichas,Tratamiento de Residuos,https://ceeielche.emprenemjunts.es/?op=13&n=5023
Fichas,Empresa Instaladora de Energía Solar Foltovoltaica,https://ceeielche.emprenemjunts.es/?op=13&n=4734
Fichas,Consultoría Medioambiental,https://ceeielche.emprenemjunts.es/?op=13&n=3975
Fichas,Software Especialitzat i Programació dOrdinadors,https://ceeielche.emprenemjunts.es/?op=13&n=15795
Fichas,Software Especializado y Programación de Ordenadores,https://ceeielche.emprenemjunts.es/?op=13&n=15794
Fichas,Residencias de la Tercera Edad,https://ceeielche.emprenemjunts.es/?op=13&n=636
Fichas,Tienda de Productos Ecológicos,https://ceeielche.emprenemjunts.es/?op=13&n=5024
Fichas,Empresas de Jardinería,https://ceeielche.emprenemjunts.es/?op=13&n=628
Fichas,Academias,https://ceeielche.emprenemjunts.es/?op=13&n=3935
Fichas,Comercio Electrónico,https://ceeielche.emprenemjunts.es/?op=13&n=4696
Fichas,Empresa de I+D,https://ceeielche.emprenemjunts.es/?op=13&n=5251
Fichas,Energías Renovables,https://ceeielche.emprenemjunts.es/?op=13&n=5249
Fichas,Agencias de Viajes,https://ceeielche.emprenemjunts.es/?op=13&n=6793
Fichas,Marketing y Estudios de Mercado,https://ceeielche.emprenemjunts.es/?op=13&n=5019
Fichas,Actividades Naúticas,https://ceeielche.emprenemjunts.es/?op=13&n=3936
Fichas,Teletrabajo,https://ceeielche.emprenemjunts.es/?op=13&n=5022
Fichas,Organización de Reuniones,https://ceeielche.emprenemjunts.es/?op=13&n=4698
Fichas,Guarderías,https://ceeielche.emprenemjunts.es/?op=13&n=633
Fichas,Centros de Estética,https://ceeielche.emprenemjunts.es/?op=13&n=641
Fichas,Centros de Día,https://ceeielche.emprenemjunts.es/?op=13&n=637
Fichas,Atención Educativa al Niño,https://ceeielche.emprenemjunts.es/?op=13&n=635
Fichas,Impresión 3D,https://ceeielche.emprenemjunts.es/?op=13&n=11922
Fichas,Oficina Técnica de Ingeniería,https://ceeielche.emprenemjunts.es/?op=13&n=3945
Fichas,Tienda de Mascotas y Alimentación Animal,https://ceeielche.emprenemjunts.es/?op=13&n=650
Fichas,Ayuda a Domicilio,https://ceeielche.emprenemjunts.es/?op=13&n=638
Fichas,Agencias de Exportación,https://ceeielche.emprenemjunts.es/?op=13&n=3937
Fichas,Youtuber,https://ceeielche.emprenemjunts.es/?op=13&n=11920
Fichas,Escuela de Baile,https://ceeielche.emprenemjunts.es/?op=13&n=11918
Fichas,Empresas de seguridad,https://ceeielche.emprenemjunts.es/?op=13&n=11916
Fichas,Bodegas de vino,https://ceeielche.emprenemjunts.es/?op=13&n=11914
Fichas,Centros de Asistencia,https://ceeielche.emprenemjunts.es/?op=13&n=11912
Fichas,Arreglo de ropa y composturas,https://ceeielche.emprenemjunts.es/?op=13&n=11910
Fichas,Food Truck,https://ceeielche.emprenemjunts.es/?op=13&n=11618
Fichas,Tienda de Iluminación,https://ceeielche.emprenemjunts.es/?op=13&n=10133
Fichas,Fabricación de Envases y Embalajes,https://ceeielche.emprenemjunts.es/?op=13&n=10135
Fichas,Reparaciones en el Hogar,https://ceeielche.emprenemjunts.es/?op=13&n=10137
Fichas,Tienda de Decoración,https://ceeielche.emprenemjunts.es/?op=13&n=370
Fichas,Gestoría Administrativa,https://ceeielche.emprenemjunts.es/?op=13&n=4701
Fichas,Franquicias,https://ceeielche.emprenemjunts.es/?op=13&n=4228
Fichas,Agricultura Ecológica,https://ceeielche.emprenemjunts.es/?op=13&n=627
Fichas,Comercio de Proximidad,https://ceeielche.emprenemjunts.es/?op=13&n=646
Fichas,Empresa de Catering,https://ceeielche.emprenemjunts.es/?op=13&n=9082
Fichas,Tienda de Calzado,https://ceeielche.emprenemjunts.es/?op=13&n=9081
Fichas,Restaurantes,https://ceeielche.emprenemjunts.es/?op=13&n=655
Fichas,Comida a Domicilio,https://ceeielche.emprenemjunts.es/?op=13&n=4697
Fichas,Centro Deportivo Privado,https://ceeielche.emprenemjunts.es/?op=13&n=7148
Fichas,Comercio Minorista de Confección y Complementos,https://ceeielche.emprenemjunts.es/?op=13&n=647
Fichas,Gabinete de Diseño Gráfico,https://ceeielche.emprenemjunts.es/?op=13&n=653
Fichas,Reforma de Interiores y Decoración,https://ceeielche.emprenemjunts.es/?op=13&n=8640
Fichas,Empresa de Reciclaje y Recuperación de Residuos,https://ceeielche.emprenemjunts.es/?op=13&n=8041
Fichas,Servicios de Asistencia Técnica (SAT),https://ceeielche.emprenemjunts.es/?op=13&n=8037
Fichas,Granja Escuela,https://ceeielche.emprenemjunts.es/?op=13&n=8057
Fichas,Envío a Casa de Productos y Menú Semanal con Recetas,https://ceeielche.emprenemjunts.es/?op=13&n=8033
Fichas,Fotografía para Empresa y eCommerce,https://ceeielche.emprenemjunts.es/?op=13&n=8039
Fichas,Consulta de Nutricionista,https://ceeielche.emprenemjunts.es/?op=13&n=8029
Fichas,Entrenador Personal,https://ceeielche.emprenemjunts.es/?op=13&n=8031
Fichas,Fábrica Artesanal de Productos Agroalimentarios,https://ceeielche.emprenemjunts.es/?op=13&n=7610
Fichas,Agencia de Transporte Local,https://ceeielche.emprenemjunts.es/?op=13&n=7609
Fichas,Parafarmàcies,https://ceeielche.emprenemjunts.es/?op=13&n=6123
Fichas,Portal Online de Trueque,https://ceeielche.emprenemjunts.es/?op=13&n=6875
Fichas,Compras Colectivas y Outlets Online,https://ceeielche.emprenemjunts.es/?op=13&n=5712
Fichas,Personal Shopper,https://ceeielche.emprenemjunts.es/?op=13&n=5725
Fichas,"Organización de Conferencias, Jornadas, Encuentros, Networking, Bodas y Eventos",https://ceeielche.emprenemjunts.es/?op=13&n=5724
Fichas,"Organización de Conciertos, Agencia de Conferenciantes y Programación de Contenidos",https://ceeielche.emprenemjunts.es/?op=13&n=5723
Fichas,Marketing Online y Posicionamiento SEM-SEO,https://ceeielche.emprenemjunts.es/?op=13&n=5722
Fichas,Logística y Transporte para Empresas de e-Commerce,https://ceeielche.emprenemjunts.es/?op=13&n=5721
Fichas,Fotografía y Edición de Vídeo+Streaming,https://ceeielche.emprenemjunts.es/?op=13&n=5720
Fichas,Tareas a terceros,https://ceeielche.emprenemjunts.es/?op=13&n=6883
Fichas,Ahorro y Eficiencia Energética,https://ceeielche.emprenemjunts.es/?op=13&n=5708
Fichas,Empresa de e-Commerce para Comercio de Barrio,https://ceeielche.emprenemjunts.es/?op=13&n=5718
Fichas,Diseño de Contenidos Educativos para Tablets,https://ceeielche.emprenemjunts.es/?op=13&n=6877
Fichas,Desarrollo de Aplicaciones para Móviles y Tablets (APP),https://ceeielche.emprenemjunts.es/?op=13&n=5716
Fichas,Desarrolladores de Ocio Interactivo,https://ceeielche.emprenemjunts.es/?op=13&n=5715
Fichas,Consultoría de Internacionalización,https://ceeielche.emprenemjunts.es/?op=13&n=5713
Fichas,Consultoría de Proyectos y Captación de Financiación,https://ceeielche.emprenemjunts.es/?op=13&n=5714
Fichas,Community Manager,https://ceeielche.emprenemjunts.es/?op=13&n=5711
Fichas,Coaching,https://ceeielche.emprenemjunts.es/?op=13&n=5710
Fichas,Centro Comercial Virtual,https://ceeielche.emprenemjunts.es/?op=13&n=5709
Infografias,8 tendencias en el sector logístico para el 2022,https://ceeielche.emprenemjunts.es/?op=13&n=18165
Infografias,5 Tips para aumentar tu Inteligencia EmocionalINFOGRAFÍAS,https://ceeielche.emprenemjunts.es/?op=13&n=14843
Infografias,"5 Claves para buscar financiaciónPara emprendedores, startups y pymes",https://ceeielche.emprenemjunts.es/?op=13&n=14835
Infografias,Gestión Ágil y StartupPara emprendedores  y startups,https://ceeielche.emprenemjunts.es/?op=13&n=14828
Infografias,"3 Nuevas metodologías BIK para empresas y emprendedoresPara emprendedores, startups y pymes",https://ceeielche.emprenemjunts.es/?op=13&n=14846
Infografias,"Recursos Gratuitos: Creación y Crecimiento de empresasCerca de 600 recursos para emprendedores, startups y pymes",https://ceeielche.emprenemjunts.es/?op=13&n=14825
Infografias,10 Claves para lograr la efectividad de un proceso empresarial,https://ceeielche.emprenemjunts.es/?op=13&n=14830
Infografias,Design Thinking - ¿Qué puede aportar a tu empresa?INFOGRAFÍA,https://ceeielche.emprenemjunts.es/?op=13&n=14839
Infografias,"Producto Mínimo Viable y PrototipadoCerca de 600 recursos para emprendedores, startups y pymes",https://ceeielche.emprenemjunts.es/?op=13&n=14852
Infografias,Tips para romper el Techo de Cristal en las EmpresasINFOGRAFÍA,https://ceeielche.emprenemjunts.es/?op=13&n=15015
Infografias,Teletrabajo. Consejos y ventajas para afrontarlo con éxitoINFOGRAFÍA,https://ceeielche.emprenemjunts.es/?op=13&n=15128
Infografias,6 pasos para gestionar tu tesorería,https://ceeielche.emprenemjunts.es/?op=13&n=15415
Infografias,Fases Ecosistema Emprendimiento de la Comunitat Valenciana,https://ceeielche.emprenemjunts.es/?op=13&n=15485
Infografias,Ecuación de Valor,https://ceeielche.emprenemjunts.es/?op=13&n=15802
Infografias,Sello Pyme InnovadoraMinisterio de Economía y competitividad,https://ceeielche.emprenemjunts.es/?op=13&n=15808
Infografias,Claves del Mentoring en Desarrollo de NegocioPlan de Trabajo y Metodologías Aplicables,https://ceeielche.emprenemjunts.es/?op=13&n=15847
Infografias,Cómo convertir tu contenido en la fuente favorita de la IA,https://ceeielche.emprenemjunts.es/?op=13&n=22697
