id_documento,titulo,fuente,seccion,tipo_archivo,num_caracteres,estado_extraccion,texto_caracterizacion_muestra
doc_0153,Academias,CEEI Elche,Fichas,pdf,6089,OK,"Academias CEEI Elche Fichas pdf CONTEXTO SECTORIAL Las academias desarrollan su actividad tanto en el ámbito de la formación reglada como en la no reglada, aunque predominan las academias que dedican su atención a esta última. Cada vez más tratan de introducirse en el ámbito de la formación profesional para el empleo o en las empresas, pues ambas suponen una fuente de ingresos comple- mentaria muy importante. España, en el año 2015, estaba por debajo de la media en materia de gasto público en educación en relación a su Producto Interior Bruto (PIB). La media de los veintiocho estados miembros se situaba en el 5,04% sobre el PIB frente al 4,16% que presenta nuestro país. En el año 2019 España destinó 2.524 millones de euros para la forma- ción de personas desempleadas y de trabajadoras en activo. Durante el año 2018 hubo 4.413.853 participantes en acciones formativas en empresas, siendo las familias profe- sionales que mayor número de alumnos registraron las de seguridad y la prevención"
doc_0154,Actividades Naúticas,CEEI Elche,Fichas,pdf,6260,OK,"Actividades Naúticas CEEI Elche Fichas pdf Actividades Náuticas Las actividades náuticas son todas aquéllas relacionadas con la navegación deportiva y de recreo. El sector del turis mo náutico puede incluirse principalmente dentro de varios sectores económicos: el de turismo, el de puertos deportivos y el de deportes náuticos. Desde 2008 hasta 2018 se ha observado en la Comunitat Valenciana un crecimiento medio interanual de aproxima damente el 3,01% en el número de embarcaciones matri- culadas en la lista sexta, las que tienen fines lucrativos. De las 42 instalaciones náuticas y deportivas valencianos existentes en 2015 según la Agencia Valenciana de Turis mo, el 87% de las plazas de amarres se distribuye entre las provincias de Alicante y Valencia. Fichas de Actividades Empresariales www.recursosparaemprendedores.es AMENAZAS PUNTOS FUERTES OPORTUNIDADES PUNTOS DÉBILES DAFO · Competencia desleal de empresas operadoras no registradas oficialmente. · Falta de regulación legislativa espe"
doc_0156,Agencia Inmobiliaria,CEEI Elche,Fichas,pdf,5889,OK,"Agencia Inmobiliaria CEEI Elche Fichas pdf CONTEXTO SECTORIAL El estallido de la burbuja inmobiliaria produjo una rece- sión muy importante del sector entre 2008 y 2013, no obstante a partir de este momento se denota una cierta recuperación hasta el 2019. En el 2020, con el estallido de la Covid-19 vuelve a haber otro descenso de la actividad. Entre 2010 y 2020, el descenso registrado en el número de viviendas libres terminadas se situó en el 64,5% en España, y en el 55% en la Comunitat Valenciana. Este decrecimiento no ha sido, sin embargo, acompañado de un descenso del total de actividades inmobiliarias. Entre 2010 y 2020, el número total de actividades inmobiliarias (CNAE 68) ascendió en España un 53,9%, pasando de 120.855 actividades en 2010 a 186.023 en el año 2020. Fichas de Actividades Empresariales www.recursosparaemprendedores.es AMENAZAS PUNTOS FUERTES OPORTUNIDADES PUNTOS DÉBILES DAFO · Sensibilidad al entorno económico. · Incertidumbre del sector inmobiliario. · Fuerte incr"
doc_0155,Agencia de Transporte Local,CEEI Elche,Fichas,pdf,6245,OK,"Agencia de Transporte Local CEEI Elche Fichas pdf Fichas de Actividades Empresariales www.recursosparaemprendedores.es AMENAZAS Alta competitividad Intrusismo profesional Crisis económica: menor necesidad de contratación (menos actividad económica y mayor tiempo libre) Servicio estatal de Correos Fuerte competencia de las franquicias de transporte PUNTOS FUERTES El empleo de medios de transporte respetuosos con el medio ambiente ofrece un valor añadido al cliente y genera un menor coste para la empresa en su mantenimiento Buen conocimiento del medio local debido a que se encuentran especializados en el mismo Al tratarse de pequeñas distancias, se ofrece mayor eficacia, rapidez en la entrega y tarifas más económicas OPORTUNIDADES Aparición de nuevas herramientas para mejorar el servicio: apps para dispositivos móviles Mejor servicio de atención al cliente empleando herramientas digitales como redes sociales, web, etc. Falta de tiempo por parte de las empresas o particulares para realiza"
doc_0157,Agencias de Exportación,CEEI Elche,Fichas,pdf,6933,OK,"Agencias de Exportación CEEI Elche Fichas pdf Fichas de Actividades Empresariales www.recursosparaemprendedores.es Agencias de Exportación CONTEXTO SECTORIAL Las Agencias de Exportación son empresas cuya actividad principal es la venta en los mercados internacionales de productos fabricados en España, directamente a través de una agencia de importación o mediante representantes. Las mayores tasas de crecimiento del comercio exterior español se registraron en 2015 y 2016 cuando las exportaciones llegaron a 254.530.217 mil euros en 2016 y las importaciones a los 273.284.153, con una pequeña caída registrada en relación al año anterior. La actividad exportadora de la economía valenciana durante 2016 ha crecido en un 1,63%, frente al crecimiento del 1,89% que presenta esta partida para el ámbito estatal. Por su parte, y en el caso de las importaciones, éstas han presentado un decremento del 9,28% en España y en la Comunitat Valenciana tan sólo han subido un 0,82%. Los productos que más vol"
doc_0158,Agencias de Viajes,CEEI Elche,Fichas,pdf,6060,OK,"Agencias de Viajes CEEI Elche Fichas pdf Agencia de Viajes En el conjunto de 2018 visitaron España 82,8 millones de turistas, un 1,1% más que el año anterior. En el año 2017, un 65,64% de la población española viajó por motivos personales. Esto supone más de 30 millones de personas. La Comunidad Valenciana, con un 10,57%, se sitúa en la cuarta comunidad atendiendo al número de viajes, por detrás de Madrid, Andalucía y Cataluña. Los valencianos realizaron un total de 4.709.087 viajes turísticos, cifra que supone un 27,97% sobre el total de viajes realizados. En el año 2018, el gasto total de los turistas fue de 89.856,45 millones de euros, según la Encuesta de Gasto Turísti- co (Egatur) publicada por el Instituto Nacional de Estadística (INE). Esta cifra supuso un incremento del 3,28% con respecto al año anterior. Fichas de Actividades Empresariales www.recursosparaemprendedores.es AMENAZAS PUNTOS FUERTES OPORTUNIDADES PUNTOS DÉBILES DAFO · Sensibilidad a la economía y a los factores de"
doc_0159,Agricultura Ecológica,CEEI Elche,Fichas,pdf,6181,OK,"Agricultura Ecológica CEEI Elche Fichas pdf Fichas de Actividades Empresariales www.recursosparaemprendedores.es Agricultura Ecológica CONSUMO DE PRODUCTOS ECOLÓGICOS, ESPAÑA, 2011 Y 2014 CONTEXTO SECTORIAL En el sector de la Agricultura en España durante 2003- 2013 se ha producido un descenso generalizado en el número de explotaciones agrícolas con tierra, cifrándose ese descenso en el 8,43%, lo que se traduce en la desaparición de 87.342 explotaciones. Por lo que respecta a la superficie total (Ha.), ésta se ha reducido en un 9,41% en este intervalo de tiempo (pasando de 33.162.188 a 30.042.209 Ha). En la Comunitat Valenciana, el descenso ha sido ligeramente superior tanto en el número de explotaciones (13,04%) como en el caso de la superficie de explotación (14,10%). Además, la superficie media ha descendido ligeramente tanto en la Comunitat Valenciana como en España, situándose en las 7,41 y 31,66 Ha por explotación respectivamente. En relación al resto de Comunidades Autónomas, la"
doc_0160,Ahorro y Eficiencia Energética,CEEI Elche,Fichas,pdf,5557,OK,"Ahorro y Eficiencia Energética CEEI Elche Fichas pdf Fichas de Actividades Empresariales CONTEXTO SECTORIAL España se caracteriza por tener una estructura de consumo energético dominada por productos petrolíferos importados prácticamente en su totalidad, lo que, junto a una reducida aportación de recursos autóctonos, ha contribuido a una elevada dependencia energética, próxima al 80%, superior a la media europea (54%). Este hecho es consecuencia de la dependencia de fuentes energéticas fósiles a lo largo de las décadas anteriores, pero hoy en día se va estableciendo un nuevo modelo energético que reduce el consumo mediante tecnologías más eficientes e inversiones que cuentan con el apoyo de las administraciones y el propio sector privado. www.recursosparaemprendedores.es AMENAZAS Uso de aparatos poco eficientes Escaso mantenimiento en los equipos Pérdidas de calor o de frío por un aislamiento deficiente Hábitos inadecuados de consumo OPORTUNIDADES Uso de equipos eléctricos y de autoges"
doc_0161,Arreglo de ropa y composturas,CEEI Elche,Fichas,pdf,4843,OK,"Arreglo de ropa y composturas CEEI Elche Fichas pdf Fichas de Actividades Empresariales www.recursosparaempredendores.es EVOLUCIÓN DEL NÚMERO DE EMPRESAS QUE OFRECEN SERVICIOS DE ARREGLO DE ROPA SEGÚN CÓDIGO CNAE, ESPAÑA (2014-2017) Arreglo y Compostura de Ropa 2014 3.8003.361 2015 7.912 20.563 2016 7.864 21.290 2017 8.098 21.229 CNAE 952 CNAE 141 DAFO AMENAZAS Actividad con gran dependencia de la coyuntura económica El bajo precio de la ropa Tendencia usar-tirar en el consumo de las prendas de vestir PUNTOS FUERTES No requiere gran inversión inicial Barreras de salida escasas (fácil posibilidad de traspaso y posibilidad de venta de la maquinaria en el mercado de segunda mano) Buena relación calidad-precio y plazos de entrega Capacidad de adaptación a las nuevas tendencias Disminución de mujeres con capacidad de hacer los arreglos en casa OPORTUNIDADES Tendencia a conservar la ropa durante más tiempo tras la crisis Ventajas en costes de materias prima Emplear el mundo digital para lleg"
doc_0162,Atención Educativa al Niño,CEEI Elche,Fichas,pdf,6208,OK,"Atención Educativa al Niño CEEI Elche Fichas pdf Atención educativa al niño CONTEXTO SECTORIAL El aumento de la sensibilización de madres y padres respecto a los problemas derivados de la atención educativa a niños y niñas junto con la detección temprana de los equipos psicopedagógicos de los centros docentes, hace prever un desarrollo favorable de la actividad en los próximos años. La Comunitat Valenciana registra el 10,6% del total de alumnado de España, casi 864.000. En el curso 2016-2017, se matricularon en España 181.530 personas con necesidades educativas especiales, de las cuales el 29,1% padecía necesidades educativas de tipo intelectual y el 39,7% padecía algún tipo de trastorno. En la categoría de alumnado con necesidades de apoyo educativo se inscribieron durante este curso 306.763 alum- nos, de los cuales el 43,9% padecían trastornos del aprendizaje, el 22,4% trastornos del desarrollo del lenguaje y la comunicación y el 21,6% se correspondía con alumnado en situación de des"
doc_0165,Ayuda a Domicilio,CEEI Elche,Fichas,pdf,5928,OK,"Ayuda a Domicilio CEEI Elche Fichas pdf Fichas de Actividades Empresariales www.recursosparaemprendedores.es RECURSOS Y PLAZAS PARA PERSONAS CON DISCAPACIDAD O ENFERMEDAD MENTAL, COMUNITAT VALENCIANA, 2015 AMENAZAS Necesidad de clientes con niveles adquisitivos medios- altos para la atención de clientes privados Presión de la competencia ejercida por particulares y empresas no constituidas legalmente Competencia de los cuidadores no profesionales Competencia puntual de asociaciones, ONG´s y voluntariado Poca fidelidad de los clientes Reforma de la Ley de Dependencia PUNTOS FUERTES Estructura flexible Bajas necesidades financieras para el arranque OPORTUNIDADES Demanda creciente en las zonas urbanas Cambios en la estructura familiar de las zonas urbanas Existencia de programas e iniciativas reguladoras por parte de las Administraciones Públicas Reforma de la Ley de Dependencia Subcontratación del servicio público a empresas privadas Capacidad de crecimiento por la diferenciación de serv"
doc_0163,Ayuda a Domicilio a la Tercera Edad,CEEI Elche,Fichas,pdf,5683,OK,"Ayuda a Domicilio a la Tercera Edad CEEI Elche Fichas pdf CONTEXTO SECTORIAL ANÁLISIS DE LA DEMANDA TAMAÑO DE MERCADO CLIENTES Fichas de Actividades Empresariales www.recursosparaemprendedores.es EVOLUCIÓN DE LOS SERVICIOS SOCIALES PARA MAYORES, ESPAÑA 1995-2019 (UNIDADES) El mercado potencial lo componen las personas mayores de 65 años con algún grado de dependencia. El 10,76% de la población valenciana mayor de 55 años presenta necesidades para el desarrollo de las actividades básicas de la vida diaria en 2020. Este grupo lo formaban un total de 121.700 personas mayores, que supone un porcen- taje del 12,4% sobre el total de población mayor en la Comunitat Valenciana. Personas mayores cuyas necesidades de atención y dependencia son significativas. Principalmente son los familia- res los que se hacen cargo del mayor y los que toman la decisión de contratar dicho servicio de ayuda. DAFO AMENAZAS PUNTOS FUERTES OPORTUNIDADES PUNTOS DÉBILES · Necesidades de niveles económicos medios-alto"
doc_0164,Ayuda a Domicilio para la 3ª Edad,CEEI Elche,Fichas,pdf,6742,OK,"Ayuda a Domicilio para la 3ª Edad CEEI Elche Fichas pdf AMENAZAS PUNTOS FUERTES OPORTUNIDADES PUNTOS DÉBILES · Necesidades de niveles de renta medios o medios-altos para la atención de clientela privada. · Presión de la competencia ejercida por particulares y empresas no constituidas legalmente. · Baja fidelización en servicios privados, con rotación de clientela motivada por precio, cambios en la situación familiar o dependencia. · Alta dependencia de la regulación pública, especialmen- te, en servicios concertados o subvencionados. · Crecimiento sostenido de la demanda de ayuda a domicilio en entornos urbanos y metropolitanos. · Envejecimiento progresivo de la población y aumento de la esperanza de vida. · Mayor concienciación sobre la importancia del envejeci- miento activo y la atención personalizada en el hogar. · Cambios en la estructura familiar en zonas urbanas. · Existencia de programas, ayudas e iniciativas públicas. · Saturación de la oferta pública de atención a la depen- d"
doc_0166,Bioenergía,CEEI Elche,Fichas,pdf,5634,OK,"Bioenergía CEEI Elche Fichas pdf CONTEXTO SECTORIAL La bioenergía es una de las energías renovables que más potencial tienen en la Unión Europea. España ocupa el noveno lugar en cuanto a los niveles de producción primaria procedente de fuentes bioenergéticas. El consumo de energía primaria de origen renovable en España ascendió en 2021 hasta los 19.437 ktep, lo que representa un incremento del 7,2% respecto a 2020. La contribución de las diferentes tecnologías al PIB en 2020 fue la siguiente: solar fotovoltaica (45,09 %), eólica (30,46 %), solar termoeléctrica (0,56 %), biomasa eléctrica (14,46 %), minihidráulica (2,95 %) y biocarburantes (6,48 %). El consumo de energía primaria por fuentes en España en el año 2021 se distribuye colocando, en primer lugar, el petróleo (42,77 %), después el gas natural (25,03 %), en tercer lugar las energías renovables en su conjunto (16,54 %), la nuclear (12,52 %) y por último el carbón (2,64 %). La energía eólica, la hidráulica, la solar térmica y la "
doc_0167,Bodegas de vino,CEEI Elche,Fichas,pdf,5427,OK,"Bodegas de vino CEEI Elche Fichas pdf Fichas de Actividades Empresariales www.recursosparaemprendedores.es BODEGAS EN ESPAÑA POR COMUNIDAD AUTÓNOMA: NÚMERO DE EMPRESAS EN 2016 CONTEXTO SECTORIAL Una bodega de vino es una construcción, edificio o lugar subterráneo destinado a la producción y almacenamiento de vino. Las bodegas de vino pueden ser activas (artificiales) o bien pasivas (naturales) respecto al enfriamiento de estos. Encontramos 14 bodegas españolas en el Top 100 de las mejores del mundo (ocupando, ente ellos, el puesto número 1). Según datos del DIRCE del INE, el 1 de enero de 2017 había 4.093 bodegas en España (Código CNAE 1102 “Elaboración de vinos”), 97 menos que en 2008, siendo Cataluña la comunidad con más bodegas y Canarias la que tiene menos. Las bodegas en España suponen un 14% del total de las empresas de la industria de alimentación y bebidas, que suponían 29.018. ANÁLISIS DE LA DEMANDA TAMAÑO DE MERCADO El consumo de vino a nivel mundial ha crecido en los últimos"
doc_0168,Calefacción y Fontanería con Energías Renovables,CEEI Elche,Fichas,pdf,6108,OK,"Calefacción y Fontanería con Energías Renovables CEEI Elche Fichas pdf CONTEXTO SECTORIAL El sector de energías renovables ha ido creciendo paulatinamente, especialmente en los últimos años. Es previsible que esta tendencia continúe en los próximos ejercicios de un modo más acentuado. España presenta una demanda muy significativa de climatización (frío/calor) debido a sus condiciones climáticas. Los sectores con mayor consumo energético corresponden a calor industrial y a calefacción de viviendas unifamiliares y edificios de viviendas multifamiliares. La tecnología solar térmica es una tecnología madura que ha experimentado una considerable implementación en el sector de la edificación durante los últimos años. El sector de la construcción cerró el ejercicio 2021 con buenos resultados debido a los datos positivos del mercado inmobiliario y a que se repone la cartera de proyectos, pero los costes y los problemas de suministro podrían ralenti- zar la recuperación en los próximos años. Po"
doc_0169,Carpintería de Muebles,CEEI Elche,Fichas,pdf,5994,OK,"Carpintería de Muebles CEEI Elche Fichas pdf La industria del mueble en la Unión Europea se mantiene en segunda posición de liderazgo a nivel mundial. China acapara el 40 % de la producción mundial del mueble. El valor de la producción de muebles en España alcanzó 4.648 millones de euros en 2021, casi un 12 % más respecto a 2020, gracias al comportamiento de la deman- da interna y a los buenos datos del comercio exterior. Las exportaciones del mueble en España, en 2021, supe- raron los 2.613 millones de euros, registrando un creci- miento del 25,2 % respecto a 2020. Los principales desti- nos del mueble español sigue siendo la Unión Europea, concretamente, Francia, Portugal, Alemania y Reino Unido. Fichas de Actividades Empresariales www.recursosparaemprendedores.es ANÁLISIS DE LA DEMANDA TAMAÑO DEL MERCADO La mayor parte de las empresas, tanto de fabricación de muebles como de instalación de solado y pavimentación, se sitúan en la provincia de Valencia (61,1 %), mientras que en Alican"
doc_0170,Centro Comercial Virtual,CEEI Elche,Fichas,pdf,6075,OK,"Centro Comercial Virtual CEEI Elche Fichas pdf Fichas de Actividades Empresariales CONTEXTO SECTORIAL Los Centros Comerciales Virtuales agrupan la oferta comercial de diferentes empresas y comercios en un espacio web bajo un mismo espacio. Con el objetivo de mejorar la experiencia del usuario, el Centro Comercial Virtual debe tener muy en cuenta la categorización de los productos, atendiendo a la tipología de productos, a la ubicación geográfica, etc., y filtrando según varios parámetros: precio, disponibilidad inmediata, tallajes (si procede), etc. El Centro Comercial Virtual puede asumir varios niveles de implicación con las empresas clientes, desde ofrecer únicamente el alojamiento y disposición en la plataforma de venta online hasta un asesoramiento integral que aborde todos los aspectos de la empresa, especialmente los relacionados con la atención al cliente y la comunicación y marketing online. El crecimiento de las compras online en España está entre los más rápidos del mundo: e"
doc_0172,Centro Deportivo Privado,CEEI Elche,Fichas,pdf,6581,OK,"Centro Deportivo Privado CEEI Elche Fichas pdf Fichas de Actividades Empresariales www.recursosparaemprendedores.es Centro Deportivo Privado AMENAZAS Existencia de una fuerte competencia de la oferta pública Dificultad para obtener préstamos bancarios Inadecuada regulación de la actividad Creación de gimnasios “domésticos”, aparición de aparatos de gimnasia pasvia e incremento de deporte outdoor Descenso del nivel de renta y estacionalidad del sector Incompatibilidad de horarios con las actividades ofertadas Aperturas de centros especializados (crossfit, pilates) PUNTOS FUERTES Personalización del servicio y gran variedad de servicios complementarios (gabinete de dietética, alimentación, textil deportivo, fisioterapia, spa, belleza…) Cercanía a los clientes, estrategia de ubicación OPORTUNIDADES Aumento del tiempo libre Saturación en las instalaciones de carácter público Creciente interés por el deporte, cultura light y estilo de vida sano Formar parte de una cadena de franquicias, pot"
doc_0171,Centro de Impresión Digital,CEEI Elche,Fichas,pdf,6322,OK,"Centro de Impresión Digital CEEI Elche Fichas pdf La impresión digital es un método de impresión que trans- fiere imágenes o textos digitalizados directamente desde el ordenador a una máquina de imprimir digital, ya sea una impresora láser de sobremesa, una prensa offset digital, un equipo de fotocopiado con tóner, un equipo de impre- sión por chorro de tinta, etc. El diseño gráfico, la creación de imágenes tramadas, la imposición y la realización de pruebas, es decir, todas las fases por las que pasa un docu- mento hasta llegar a una máquina de imprimir, se han digitalizado y trasladado al ordenador, creándose así la denominada impresión digital. Además, gracias a los avances tecnológicos existentes, se le suma la impresión en 3D. Este tipo de impresión permite transformar una idea en un objeto físico, mediante el diseño previo de un dibujo en 3D en un ordenador. ESTRUCTURA DEL EMPLEO EN EL SECTOR GRÁFICO, COMUNITAT VALENCIANA, 2025, NÚMERO DE EMPRESAS (UNIDADES) Centro de Impresión D"
doc_0400,Alianzas estratégicas entre empresas y startups Cómo construir relaciones que beneficien a ambas partes,CEEI Valencia,Documento_PDF,pdf,10471,OK,"Alianzas estratégicas entre empresas y startups Cómo construir relaciones que beneficien a ambas partes CEEI Valencia Documento_PDF pdf https://ceeivalencia.emprenemjunts.es/?op=13&n=22544 MANUAL FORMATIVO CÓMO CONSTRUIR RELACIONES QUE BENEFICIEN A AMBAS PARTES. Alianzas estrategicas entre empresas y startups ALIANZAS ESTRATÉGICAS ENTRE EMPRESAS Y STARTUPSMANUAL FORMATIVO INTRODUCCIÓN COLABORACIÓN ENTRE EMPRESAS Y STARTUPS: ¿QUÉ GANA CADA PARTE? TIPOS DE MODELOS DE COLABORACIÓN ¿CÓMO ESCOGER EL MODELO MÁS ADECUADO? PASOS PARA DISEÑAR LA ALIANZA FACTORES CLAVE PARA EL ÉXITO FUENTES 3 4 6 7 8 9 10 INDICE ALIANZAS ESTRATÉGICAS ENTRE EMPRESAS Y STARTUPSMANUAL FORMATIVO En un entorno empresarial marcado por la disrupción tecnológica y la necesidad de innovar con rapidez, las alianzas estratégicas entre grandes corporaciones y startups se han consolidado como una herramienta clave para generar valor compartido. Estas colaboraciones permiten a las empresas acceder a soluciones ágiles y tecnol"
doc_0416,Carpintería de Muebles,CEEI Valencia,Documento_PDF,pdf,7010,OK,"Carpintería de Muebles CEEI Valencia Documento_PDF pdf https://ceeivalencia.emprenemjunts.es/?op=13&n=23049 El sector del mueble en Europa continúa siendo uno de los mercados industriales más importantes y mantiene una posición de relevancia mundial en segmentos de diseño, calidad y exportación. Europa sigue siendo líder en el segmento de muebles de gama media-alta y de diseño, manteniendo una presencia significativa en el comercio internacional y adaptándose a tendencias como la sosteni- bilidad y la personalización del producto. En España, el sector del mueble ha mostrado estabilidad tras los ajustes por la pandemia y las tensiones de la cadena de suministro. El valor de la producción de mobilia- rio en 2023 se situó en torno a 4672 millones de euros. En 2024, la producción de mueble de hogar alcanzó 1540 millones de euros, con un crecimiento moderado y un EVOLUCIÓN DE LA PRODUCCIÓN DE MUEBLES, ESPAÑA, 2014-2024 (MILLONES DE EUROS, %) Carpintería de Muebles ANÁLISIS COMPETITIVO EN LA"
doc_0417,Centro de Impresión Digital,CEEI Valencia,Documento_PDF,pdf,6322,OK,"Centro de Impresión Digital CEEI Valencia Documento_PDF pdf https://ceeivalencia.emprenemjunts.es/?op=13&n=23051 La impresión digital es un método de impresión que trans- fiere imágenes o textos digitalizados directamente desde el ordenador a una máquina de imprimir digital, ya sea una impresora láser de sobremesa, una prensa offset digital, un equipo de fotocopiado con tóner, un equipo de impre- sión por chorro de tinta, etc. El diseño gráfico, la creación de imágenes tramadas, la imposición y la realización de pruebas, es decir, todas las fases por las que pasa un docu- mento hasta llegar a una máquina de imprimir, se han digitalizado y trasladado al ordenador, creándose así la denominada impresión digital. Además, gracias a los avances tecnológicos existentes, se le suma la impresión en 3D. Este tipo de impresión permite transformar una idea en un objeto físico, mediante el diseño previo de un dibujo en 3D en un ordenador. ESTRUCTURA DEL EMPLEO EN EL SECTOR GRÁFICO, COMUNITAT VALENC"
doc_0411,Centro especializado en vehículos eléctricos,CEEI Valencia,Documento_PDF,pdf,94750,OK,"Centro especializado en vehículos eléctricos CEEI Valencia Documento_PDF pdf https://ceeivalencia.emprenemjunts.es/?op=13&n=23019 CENTRO ESPECIALIZADO EN VEHÍCULOS ELÉCTRICOS El segmento de mercado que analizaremos con el modelo Canvas es el de Particulares, es decir, dirigido a personas de distintos perfiles, pero que reúnen una serie de características comunes detalladas a continuación. En todo caso, cabe destacar que una misma empresa podría prestar servicios a empresas y com- plementar la actividad con servicios prestados a otro tipo de entidades, como entidades e insti- tuciones públicas. El segmento de mercado para nuestro modelo de negocio se realizará en función de distintas variables o criterios objetivos y subjetivos. CRITERIOS OBJETIVOS Aquellos que son fácilmente medibles de manera que no dan lugar a interpretaciones. Como en este caso estamos hablando de particulares, estos son los distintos perfiles de público objetivo al que se dirigirá la actividad. A. Demográﬁcos: muje"
doc_0415,Creación de una spin-off,CEEI Valencia,Documento_PDF,pdf,27032,OK,"Creación de una spin-off CEEI Valencia Documento_PDF pdf https://ceeivalencia.emprenemjunts.es/?op=13&n=23035 ¿qué veremos hoy? 1. Sobre mí 2. Innovar en una corporación. El contexto 3. Emprendimiento Corporativo e Innovación Abierta 4. Las corporaciones en el ecosistema emprendedor 5. Consejos y Recomendaciones sobre Innovación Abierta y Emprendimiento Corporativo 6. Caso concreto spin-offs: Enagás Emprende Sobre mí: Emilio Martínez Gavira 3 @aemiliusmg www.innover.es ¿qué veremos hoy? 1. Sobre mí 2. Innovar en una corporación . El contexto 3. Emprendimiento Corporativo e Innovación Abierta 4. Las corporaciones en el ecosistema emprendedor 5. Consejos y Recomendaciones sobre Innovación Abierta y Emprendimiento Corporativo 6. Caso concreto: Enagás Emprende 5 ¿Startups, por qué? 5 6 Innovar en una corporación. El contexto 6 https://www.youtube.com/watch?v=z7g3uT5N5XQ 77 Innovar en una corporación. El contexto 88 Innovar en una corporación. El contexto 99 Innovar en una corporación. El c"
doc_0404,El potencial de la inteligencia artificial para la innovación,CEEI Valencia,Documento_PDF,pdf,16615,OK,"El potencial de la inteligencia artificial para la innovación CEEI Valencia Documento_PDF pdf https://ceeivalencia.emprenemjunts.es/?op=13&n=22982 Joserra Escorihuela Cofundador Area101 Abril 2026 La Visión TechLeader: Impulso en la Nueva Era Digital Posibilidades de IA generativa Prompt engineering: spot the diﬀerence La IA no está aquí para sustituir tu trabajo, sino para potenciarlo. Los profesionales que triunfan hoy en día no son necesariamente los que más saben de tecnología, sino los que tienen la curiosidad suﬁciente para explorarla. Utilizar herramientas de IA no signiﬁca ceder el control, sino trabajar de forma más inteligente, ahorrar tiempo y liberarse para centrarse en lo que realmente importa: la creatividad, la estrategia y la conexión humana. Tomemos como ejemplo a los equipos de marketing de Coca-Cola. Han utilizado la IA para generar conceptos creativos novedosos en un tiempo récord, no para sustituir a sus creativos, sino para generar nuevas ideas más rápidamente. ¿E"
doc_0418,Empresa de Domótica para Ahorro Energético,CEEI Valencia,Documento_PDF,pdf,6666,OK,"Empresa de Domótica para Ahorro Energético CEEI Valencia Documento_PDF pdf https://ceeivalencia.emprenemjunts.es/?op=13&n=23052 La domótica y los edificios inteligentes forman parte del ecosistema global de smart buildings, un mercado en expansión impulsado por la digitalización, la eficiencia energética y la transición ecológica. El mercado español de hogar inteligente se estima en torno a 1200 – 1500 millones de euros anuales, incluyen- do automatización residencial, seguridad conectada, climatización inteligente y gestión energética. Las previ- siones apuntan a un crecimiento medio anual del 8-12 % hasta 2030, impulsado por la digitalización del hogar y el aumento del coste energético. Dentro de este mercado, el segmento vinculado específicamente a gestión y optimiza- ción energética puede situarse actualmente en un rango estimado de 400 – 600 millones de euros anuales. EVOLUCIÓN DE LA POTENCIA INSTALADA, ESPAÑA, 2024 (MW) Empresa de Domótica para Ahorro Energético CONTEXTO SECTORIA"
doc_0419,Empresa de Experiencias Turísticas Locales,CEEI Valencia,Documento_PDF,pdf,7398,OK,"Empresa de Experiencias Turísticas Locales CEEI Valencia Documento_PDF pdf https://ceeivalencia.emprenemjunts.es/?op=13&n=23053 El sector de actividades turísticas, agencias de viajes y organización de experiencias forma parte del núcleo estratégico del turismo en España, uno de los principales motores económicos del país. En la Comunitat Valenciana, el turismo genera más de 16.000 millones de euros anuales y representa el 16 % del PIB regional. La región recibe cerca de 30 millones de turistas anuales, sumando visitantes nacionales (17,4 millones) e internacionales (12,5 millones), lo que crea un mercado amplio para actividades complementarias como rutas guiadas, experiencias gastronómicas o actividades de naturaleza. Las tendencias actuales del sector apuntan hacia el crecimiento del turismo experiencial, sostenible y de proximidad, con una demanda creciente de actividades personalizadas frente al turismo masivo tradicional. ANÁLISIS COMPETITIVO EN LA COMUNITAT VALENCIANA En 2025, en"
doc_0420,Empresa de Reformas,CEEI Valencia,Documento_PDF,pdf,6415,OK,"Empresa de Reformas CEEI Valencia Documento_PDF pdf https://ceeivalencia.emprenemjunts.es/?op=13&n=23054 El sector de la construcción incluye: Edificación (residencial, no residencial, rehabilitación y mantenimiento), y Obra Civil. En 2023, el valor de la producción real realizada por las empresas del sector de la construcción ascendió a 193.364,6 millones de euros, superior en un 7,32 % al año anterior. En el caso de la Rehabilitación y mantenimiento de la edificación, el valor de la producción fue de 58.731,5 millones de euros, un 8,1 % del total. El número de visados de dirección de obra para reformas o restau raciones de edificios destinados a viviendas en España fue de 23.934, en 2024, y 6114, en el caso de locales. En la Comunitat Valenciana, el número de visados ese mismo año fue de 3183, en el caso de viviendas, y de 576, en el caso de locales destinados a otros usos. ANÁLISIS COMPETITIVO EN LA COMUNITAT VALENCIANA La mayor parte de las empresas de reforma se sitúan en la provi"
doc_0395,"Flujos entrantes, salientes y procesos mixtos Qué formas de apertura tiene una organización",CEEI Valencia,Documento_PDF,pdf,10606,OK,"Flujos entrantes, salientes y procesos mixtos Qué formas de apertura tiene una organización CEEI Valencia Documento_PDF pdf https://ceeivalencia.emprenemjunts.es/?op=13&n=20408 Flujos entrantes, salientes y procesos mixtos QUÉ FORMAS DE APERTURA TIENE UNA ORGANIZACIÓN PLAYBOOK FORMATIVO La innovación abierta (IA) hace referencia a la colaboración entre corporaciones y agentes externos para la generación de nuevos productos y servicios. Esta puede llevarse a cabo de diferentes maneras, según los tipos de ﬂujos de ideas, conocimientos y tecnologías generados durante la interacción. Estos, a su vez, deﬁnen la estrategia o forma de apertura de la compañía: entrante, saliente o mixta. PLAYBOOK FORMATIVO FLUJOS ENTRANTES, SALIENTES Y PROCESOS MIXTOS Flujos entrantes ESTRATEGIA ENTRANTE Los ﬂujos de conocimientos entrantes (outside-in) incluyen las soluciones desarrolladas fuera de los límites de la empresa que se comparten con ella. Estas pueden provenir de agentes externos privados (start-u"
doc_0408,Innovación interna: metodologías ágiles de innovación,CEEI Valencia,Documento_PDF,pdf,5163,OK,"Innovación interna: metodologías ágiles de innovación CEEI Valencia Documento_PDF pdf https://ceeivalencia.emprenemjunts.es/?op=13&n=23008 Daniel Medina CEO y Co-fundado de Are101 Abril 2026 Innovación interna: Metodologías ágiles de innovación 2 Daniel Medina 2 Cofundador Area101 Profesor en el Instituto de Empresa Experto en Innovación Corporativa Inversor en Startups Autor del libro “101 Historias de innovación” 3 Mi historia 4 +100 líderes de innovación compartiendo sus experiencias, modelos, metodologías y mejores prácticas https://101historiasdeinnovacion.com/ 101 Historias de innovación 5 GENERAR UNA SOLUCIÓN DIGITAL 6 AGENDA Organizaciones centradas en el cliente1. Felicidad del cliente2. Del reto al segmento y del segmento a la persona3. Resolviendo problemas y generando emociones4. Generando soluciones innovadoras5. Hablando en el lenguaje del cliente6. Una cultura centrada en el cliente7. 7 AGENDA Organizaciones centradas en el cliente1. Felicidad del cliente2. Del reto al s"
doc_0412,Innovación interna: metodologías ágiles de innovación II,CEEI Valencia,Documento_PDF,pdf,17275,OK,"Innovación interna: metodologías ágiles de innovación II CEEI Valencia Documento_PDF pdf https://ceeivalencia.emprenemjunts.es/?op=13&n=23022 Innovación Metodologías ágiles de innovación II Lisseik Pompilla Head of Lab101 Agile Coach Experta en gestión de proyectos, estrategia, procesos y transformación +9 años experiencia energía, telecomunicaciones, seguros y consultoría Reto o idea punto de partida Del reto al problema Entendimiento del usuario Solución y Modelo de Negocio Producto y modelo de negocio en mercado Problema Del problema a la solución Ideación De la solución al producto Agile Proceso de innovación DESCUBRIMIENTO DESARROLLO Solución y modelo de negocio validado Metodología 101 Validación de soluciones Experimentación VALIDACIÓN Reto punto de partida Del reto al problema Entendimiento del usuario Solución y Modelo de Negocio Problema Del problema a la solución Ideación De la solución al producto Agile Proceso de innovación DISCOVERY DELIVERY Metodología 101 Validación de "
doc_0399,Inteligencia artificial aplicada a startups,CEEI Valencia,Documento_PDF,pdf,7502,OK,"Inteligencia artificial aplicada a startups CEEI Valencia Documento_PDF pdf https://ceeivalencia.emprenemjunts.es/?op=13&n=20569 INTELIGENCIA ARTIFICIALAPLICADA A STARTUPS ÍNDICE CONTEXTO1 2 ¿QUÉ ES LA INTELIGENCIA ARTIFICIAL? 3 ¿QUÉ PROBLEMAS Y OPORTUNIDADES HAY PARA APLICAR LA IA EN TU START-UP? 4 ROADMAP PARA APLICAR LA IA EN TU START-UP 5 HERRAMIENTAS PRACTICAS DE IA Es una compañía cuyo objetivo es conseguir un negocio rentable, escalable y repetible. Cuenta con un potencial de crecimiento rápido y, normalmente, apoyado en la tecnología y la innovación CONTEXTO STARTUP INCUBACIÓN ACELERACIÓN SCALE-UP GROWTH SOFTLANDING ETAPAS DE DESARROLLO DE UNA STARTUP ¿QUÉ ES LA IA? DEFININICIÓN • Consiste en dotar de inteligencia a las máquinas, es decir, darles capacidades para resolver problemas o llevar a cabo tareas complejas, igual que lo haría un ser humano. Además, cuando esta inteligencia artificial se combina con el aprendizaje automático se denomina “Machine Learning” PROBLEMAS PARA "
doc_0401,Manual Diagrama integral de startups,CEEI Valencia,Documento_PDF,pdf,20900,OK,"Manual Diagrama integral de startups CEEI Valencia Documento_PDF pdf https://ceeivalencia.emprenemjunts.es/?op=13&n=22691 Estrategia DIAGRAMA INTEGRAL DE STARTUPS Manual elaborado por Startups.st. Edición y dirección: Centro Europeo de Empresas Innovadoras de la Comunitat Valenciana (CEEI CV) Derechos reservados: Queda rigurosamente prohibido, según autorización escrita de los titulares de Copyright, bajo una sanción establecida por Ley, la reproducción total o parcial de esta obra por cualquier medio o procedimiento, incluidas la reprografía o tratamiento informático y la distribución de ejemplares mediante préstamo público. Este Manual se ha editado gracias al apoyo prestado por el IVACE (Instituto Valenciano de Competitividad Empresarial de la Generalitat Valenciana), a través del Convenio singular de colaboración para el Apoyo a la Coordinación del Ecosistema Emprendedor de la Comunitat Valenciana. CEEI CV Centro Europeo de Empresas Innovadoras de la Comunitat Valenciana © 2025 Fin"
doc_0398,Manual Inteligencia artificial aplicada a startups,CEEI Valencia,Documento_PDF,pdf,50507,OK,"Manual Inteligencia artificial aplicada a startups CEEI Valencia Documento_PDF pdf https://ceeivalencia.emprenemjunts.es/?op=13&n=20566 Tecnología INTELIGENCIA ARTIFICIAL APLICADA A STARTUPS Manual elaborado por el equipo de Startups.st: Aroa Picos León, Samuel Soto Devesa, Pablo Adrián Figueiras Barros, Juan Carlos Bugallo Taibo, Roberto Touza David. Edición y dirección: Centro Europeo de Empresas Innovadoras de la Comunitat Valenciana (CEEI CV) Derechos reservados: Queda rigurosamente prohibido, según autorización escrita de los titulares de Copyright, bajo una sanción establecida por Ley, la reproducción total o parcial de esta obra por cualquier medio o procedimiento, incluidas la reprografía o tratamiento informático y la distribución de ejemplares mediante préstamo público. Este Manual se ha editado gracias al apoyo prestado por el IVACE (Instituto Valenciano de Competitividad Empresarial de la Generalitat Valenciana), a través del Convenio singular de colaboración para el Apoyo "
doc_0397,Manual ScaleUp y softlanding ScaleUp y softlanding internacional,CEEI Valencia,Documento_PDF,pdf,57620,OK,"Manual ScaleUp y softlanding ScaleUp y softlanding internacional CEEI Valencia Documento_PDF pdf https://ceeivalencia.emprenemjunts.es/?op=13&n=20565 Estrategia SCALE UP & SOFTLANDING Manual elaborado por el equipo de Startups.st: Aroa Picos León, Samuel Soto Devesa, Pablo Adrián Figueiras Barros, Juan Carlos Bugallo Taibo, Roberto Touza David. Edición y dirección: Centro Europeo de Empresas Innovadoras de la Comunitat Valenciana (CEEI CV) Derechos reservados: Queda rigurosamente prohibido, según autorización escrita de los titulares de Copyright, bajo una sanción establecida por Ley, la reproducción total o parcial de esta obra por cualquier medio o procedimiento, incluidas la reprografía o tratamiento informático y la distribución de ejemplares mediante préstamo público. Este Manual se ha editado gracias al apoyo prestado por el IVACE (Instituto Valenciano de Competitividad Empresarial de la Generalitat Valenciana), a través del Convenio singular de colaboración para el Apoyo a la Co"
doc_0394,"Networking, mentoring y techscouting Tres modelos de innovación abierta para tu negocio",CEEI Valencia,Documento_PDF,pdf,8079,OK,"Networking, mentoring y techscouting Tres modelos de innovación abierta para tu negocio CEEI Valencia Documento_PDF pdf https://ceeivalencia.emprenemjunts.es/?op=13&n=20407 Networking, mentoring y techscouting PLAYBOOK FORMATIVO TRES MODELOS DE INNOV ACIÓN ABIERTA PARA TU NEGOCIO PLAYBOOK FORMATIVO NETWORKING, MENTORING Y TECHSCOUTING La innovación abierta consiste en el desarrollo de proyectos en colaboración con organizaciones o profesionales externos. Esta estrategia permite conseguir talento, compartir costes y aumentar la velocidad de desarrollo de los proyectos (Henry Chesbrough, Open Innovation: The New Imperative for Creating and Proﬁting from Technology). Existen diferentes modelos de innovación abierta con unos objetivos especíﬁcos. El networking, el mentoring y el techscouting destacan por tratarse de modelos que abogan por el crecimiento de una empresa a través del establecimiento de relaciones y el intercambio de conocimiento entre diferentes actores. PLAYBOOK FORMATIVO NE"
doc_0409,Obrador de alimentos veganos o Plant-Based,CEEI Valencia,Documento_PDF,pdf,112940,OK,"Obrador de alimentos veganos o Plant-Based CEEI Valencia Documento_PDF pdf https://ceeivalencia.emprenemjunts.es/?op=13&n=23016 OBRADOR DE ALIMENTOS VEGANOS O PLANT-BASED El segmento de mercado que analizaremos con el modelo Canvas es el de Empresas y, dentro de este, el obrador estará especializado en empresas especializadas en alimentación saludable (tiendas ecológicas o bio, herbolarios, tiendas gourmet, empresas de vending saludable, centros deportivos y estudios de yoga o pilates con espacios de alimentación), que reúnen una serie de características comunes detalladas a continuación. En todo caso, cabe destacar que una misma empresa podría prestar servicios a empresas y com- plementar la actividad con servicios prestados a otro tipo de entidades, como entidades públicas e instituciones o particulares. El segmento de mercado para nuestro modelo de negocio se realizará en función de distintas variables o criterios objetivos y subjetivos. CRITERIOS OBJETIVOS Aquellos que son fácilmen"
doc_0423,Plan de innovación,CEEI Valencia,Documento_PDF,pdf,16735,OK,"Plan de innovación CEEI Valencia Documento_PDF pdf https://ceeivalencia.emprenemjunts.es/?op=13&n=23069 ¡Bienvenidos a la sesión de Gestión de Portafolio de Innovación! Durante esta jornada, aprenderemos a estructurar la innovación como una herramienta de inversión, equilibrar los horizontes H1, H2 y H3, y deﬁnir los KPIs métricos para asegurar la supervivencia del sistema Portafolio de Innovación Conocernos ¿Quienes estamos aquí? Innovation Strategist - Area101 Diseñadora de Servicios y UX Researcher - Bancolombia Manuela Mejía Trabajar con y para las personas Objetivos ● Saber reconocer los tipos de innovación (H1, H2, H3) y su relación con la matriz de Ansoﬀ ● Deﬁnir las variables clave como el Gasto Evitado o la BU para construir un inventario real ● Aprender a equilibrar el mix 70/20/10 para que el corto plazo ﬁnancie el futuro ● Diferenciar los KPIs de Business Case de las métricas de aprendizaje que protegen el H3 ● Establecer una operativa de gestión basada en la frecuencia de "
doc_0421,Producción de Textiles Técnicos,CEEI Valencia,Documento_PDF,pdf,6785,OK,"Producción de Textiles Técnicos CEEI Valencia Documento_PDF pdf https://ceeivalencia.emprenemjunts.es/?op=13&n=23055 El sector de los textiles técnicos engloba la fabricación de prendas diseñadas para cumplir funciones específicas más allá de la estética: protección, rendimiento deportivo, resistencia, transpirabilidad o seguridad laboral. El mercado mundial de la ropa de trabajo se valoró en 16.647,96 millones de euros en 2025, y se proyecta un crecimiento continuado hasta los 25.795,01 millones de euros en 2034, exhibiendo una tasa compuesta anual del 4,99 %. En España, en 2023 había 380 empresas de confección de ropa de trabajo, que daban empleo a 2147 personas y genera- ron una cifra de negocio de 380,6 millones de euros. El mercado de ropa de trabajo está evolucionando rápidamente con mayor énfasis en la seguridad, la comodidad y la apariencia profesional de los trabajadores en diversas industrias. Producción de Textiles Técnicos ANÁLISIS COMPETITIVO EN LA COMUNITAT VALENCIANA En "
doc_0275,10 errores comunes al lanzar una campaña de email marketing,CEEI Elche,Infografias,pdf,0,Sin texto extraido,10 errores comunes al lanzar una campaña de email marketing CEEI Elche Infografias pdf
doc_0280,5 Tips para aumentar tu Inteligencia EmocionalINFOGRAFÍAS,CEEI Elche,Infografias,pdf,46,Texto insuficiente,5 Tips para aumentar tu Inteligencia EmocionalINFOGRAFÍAS CEEI Elche Infografias pdf 5 TIPS INTELIGENCIA EMOCIONAL PARA AUMENTAR TU
doc_0289,Cómo construir un funnel de ventas paso a pasoDe desconocido a cliente fiel_ guía para crear un funnel que convierta,CEEI Elche,Infografias,pdf,0,Sin texto extraido,Cómo construir un funnel de ventas paso a pasoDe desconocido a cliente fiel_ guía para crear un funnel que convierta CEEI Elche Infografias pdf
doc_0290,Cómo convertir tu contenido en la fuente favorita de la IA,CEEI Elche,Infografias,pdf,0,Sin texto extraido,Cómo convertir tu contenido en la fuente favorita de la IA CEEI Elche Infografias pdf
doc_0291,Cómo crear una estrategia de contenidos para RRSS,CEEI Elche,Infografias,pdf,0,Sin texto extraido,Cómo crear una estrategia de contenidos para RRSS CEEI Elche Infografias pdf
doc_0292,Cómo estructurar un plan de crisis en comunicaciónDe la prevención a la recuperación_ Pasos para proteger tu reputación,CEEI Elche,Infografias,pdf,0,Sin texto extraido,Cómo estructurar un plan de crisis en comunicaciónDe la prevención a la recuperación_ Pasos para proteger tu reputación CEEI Elche Infografias pdf
doc_0293,Cómo hacer un briefing completo para agencia o equipo creativo,CEEI Elche,Infografias,pdf,0,Sin texto extraido,Cómo hacer un briefing completo para agencia o equipo creativo CEEI Elche Infografias pdf
doc_0295,Diagnóstico integral de Startups,CEEI Elche,Infografias,pdf,0,Sin texto extraido,Diagnóstico integral de Startups CEEI Elche Infografias pdf
doc_0298,Estrategias para reutilizar y reciclar contenido,CEEI Elche,Infografias,pdf,0,Sin texto extraido,Estrategias para reutilizar y reciclar contenido CEEI Elche Infografias pdf
doc_0312,Recursos Gratuitos_ Creación y Crecimiento de empresasCerca de 600 recursos para personas emprendedoras_ startups y pyme,CEEI Elche,Infografias,pdf,0,Sin texto extraido,Recursos Gratuitos_ Creación y Crecimiento de empresasCerca de 600 recursos para personas emprendedoras_ startups y pyme CEEI Elche Infografias pdf
